Simulator report for Project_CEG3555_qsim
Thu Nov 30 14:13:17 2023
Quartus II 64-Bit Version 13.0.1 Build 232 06/12/2013 Service Pack 1 SJ Web Edition


---------------------
; Table of Contents ;
---------------------
  1. Legal Notice
  2. Simulator Summary
  3. Simulator Settings
  4. Simulation Waveforms
  5. Coverage Summary
  6. Complete 1/0-Value Coverage
  7. Missing 1-Value Coverage
  8. Missing 0-Value Coverage
  9. Simulator INI Usage
 10. Simulator Messages



----------------
; Legal Notice ;
----------------
Copyright (C) 1991-2013 Altera Corporation
Your use of Altera Corporation's design tools, logic functions 
and other software and tools, and its AMPP partner logic 
functions, and any output files from any of the foregoing 
(including device programming or simulation files), and any 
associated documentation or information are expressly subject 
to the terms and conditions of the Altera Program License 
Subscription Agreement, Altera MegaCore Function License 
Agreement, or other applicable license agreement, including, 
without limitation, that your use is for the sole purpose of 
programming logic devices manufactured by Altera and sold by 
Altera or its authorized distributors.  Please refer to the 
applicable agreement for further details.



+--------------------------------------------+
; Simulator Summary                          ;
+-----------------------------+--------------+
; Type                        ; Value        ;
+-----------------------------+--------------+
; Simulation Start Time       ; 0 ps         ;
; Simulation End Time         ; 1.0 us       ;
; Simulation Netlist Size     ; 702 nodes    ;
; Simulation Coverage         ;      49.15 % ;
; Total Number of Transitions ; 5248         ;
; Simulation Breakpoints      ; 0            ;
; Family                      ; Cyclone III  ;
+-----------------------------+--------------+


+--------------------------------------------------------------------------------------------------------------------------------------------------------------------------+
; Simulator Settings                                                                                                                                                       ;
+--------------------------------------------------------------------------------------------+-------------------------------------------------------------+---------------+
; Option                                                                                     ; Setting                                                     ; Default Value ;
+--------------------------------------------------------------------------------------------+-------------------------------------------------------------+---------------+
; Simulation mode                                                                            ; Functional                                                  ; Timing        ;
; Start time                                                                                 ; 0 ns                                                        ; 0 ns          ;
; Simulation results format                                                                  ; VWF                                                         ;               ;
; Vector input source                                                                        ; Z:/Dgbeg102/Desktop/CEG3555/Project/Project_1/Waveform1.vwf ;               ;
; Add pins automatically to simulation output waveforms                                      ; On                                                          ; On            ;
; Check outputs                                                                              ; Off                                                         ; Off           ;
; Report simulation coverage                                                                 ; On                                                          ; On            ;
; Display complete 1/0 value coverage report                                                 ; On                                                          ; On            ;
; Display missing 1-value coverage report                                                    ; On                                                          ; On            ;
; Display missing 0-value coverage report                                                    ; On                                                          ; On            ;
; Detect setup and hold time violations                                                      ; Off                                                         ; Off           ;
; Detect glitches                                                                            ; Off                                                         ; Off           ;
; Disable timing delays in Timing Simulation                                                 ; Off                                                         ; Off           ;
; Generate Signal Activity File                                                              ; Off                                                         ; Off           ;
; Generate VCD File for PowerPlay Power Analyzer                                             ; Off                                                         ; Off           ;
; Group bus channels in simulation results                                                   ; Off                                                         ; Off           ;
; Preserve fewer signal transitions to reduce memory requirements                            ; On                                                          ; On            ;
; Trigger vector comparison with the specified mode                                          ; INPUT_EDGE                                                  ; INPUT_EDGE    ;
; Disable setup and hold time violations detection in input registers of bi-directional pins ; Off                                                         ; Off           ;
; Overwrite Waveform Inputs With Simulation Outputs                                          ; Off                                                         ;               ;
; Perform Glitch Filtering in Timing Simulation                                              ; Auto                                                        ; Auto          ;
; Interconnect Delay Model Type                                                              ; Transport                                                   ; Transport     ;
; Cell Delay Model Type                                                                      ; Transport                                                   ; Transport     ;
+--------------------------------------------------------------------------------------------+-------------------------------------------------------------+---------------+


+----------------------+
; Simulation Waveforms ;
+----------------------+
Waveform report data cannot be output to ASCII.
Please use Quartus II 64-Bit to view the waveform report data.


+--------------------------------------------------------------------+
; Coverage Summary                                                   ;
+-----------------------------------------------------+--------------+
; Type                                                ; Value        ;
+-----------------------------------------------------+--------------+
; Total coverage as a percentage                      ;      49.15 % ;
; Total nodes checked                                 ; 702          ;
; Total output ports checked                          ; 702          ;
; Total output ports with complete 1/0-value coverage ; 345          ;
; Total output ports with no 1/0-value coverage       ; 340          ;
; Total output ports with no 1-value coverage         ; 341          ;
; Total output ports with no 0-value coverage         ; 356          ;
+-----------------------------------------------------+--------------+


The following table displays output ports that toggle between 1 and 0 during simulation.
+----------------------------------------------------------------------------------------------------------------------------------------------------------------------------------+
; Complete 1/0-Value Coverage                                                                                                                                                      ;
+-------------------------------------------------------------------------------+-------------------------------------------------------------------------------+------------------+
; Node Name                                                                     ; Output Port Name                                                              ; Output Port Type ;
+-------------------------------------------------------------------------------+-------------------------------------------------------------------------------+------------------+
; |uartDebug|clk                                                                ; |uartDebug|clk                                                                ; out              ;
; |uartDebug|txd                                                                ; |uartDebug|txd                                                                ; pin_out          ;
; |uartDebug|controlUart:controlUart0|selMux8b0Sig~0                            ; |uartDebug|controlUart:controlUart0|selMux8b0Sig~0                            ; out0             ;
; |uartDebug|controlUart:controlUart0|selMux8b0Sig[0]                           ; |uartDebug|controlUart:controlUart0|selMux8b0Sig[0]                           ; out0             ;
; |uartDebug|controlUart:controlUart0|selMux8b1Sig[0]                           ; |uartDebug|controlUart:controlUart0|selMux8b1Sig[0]                           ; out0             ;
; |uartDebug|controlUart:controlUart0|selMux8b2Sig~0                            ; |uartDebug|controlUart:controlUart0|selMux8b2Sig~0                            ; out0             ;
; |uartDebug|controlUart:controlUart0|selMux8b2Sig[0]                           ; |uartDebug|controlUart:controlUart0|selMux8b2Sig[0]                           ; out0             ;
; |uartDebug|controlUart:controlUart0|PvLrStateSig~0                            ; |uartDebug|controlUart:controlUart0|PvLrStateSig~0                            ; out0             ;
; |uartDebug|controlUart:controlUart0|PvLrStateSig[1]                           ; |uartDebug|controlUart:controlUart0|PvLrStateSig[1]                           ; out0             ;
; |uartDebug|controlUart:controlUart0|PvLrStateSig[2]                           ; |uartDebug|controlUart:controlUart0|PvLrStateSig[2]                           ; out0             ;
; |uartDebug|controlUart:controlUart0|PvLrStateSig~1                            ; |uartDebug|controlUart:controlUart0|PvLrStateSig~1                            ; out0             ;
; |uartDebug|controlUart:controlUart0|PvLrStateSig[3]                           ; |uartDebug|controlUart:controlUart0|PvLrStateSig[3]                           ; out0             ;
; |uartDebug|controlUart:controlUart0|PvLrStateSig~2                            ; |uartDebug|controlUart:controlUart0|PvLrStateSig~2                            ; out0             ;
; |uartDebug|controlUart:controlUart0|PvLrStateSig[4]                           ; |uartDebug|controlUart:controlUart0|PvLrStateSig[4]                           ; out0             ;
; |uartDebug|controlUart:controlUart0|PvLrStateSig~3                            ; |uartDebug|controlUart:controlUart0|PvLrStateSig~3                            ; out0             ;
; |uartDebug|controlUart:controlUart0|PvLrStateSig[5]                           ; |uartDebug|controlUart:controlUart0|PvLrStateSig[5]                           ; out0             ;
; |uartDebug|controlUart:controlUart0|PvLrStateSig~4                            ; |uartDebug|controlUart:controlUart0|PvLrStateSig~4                            ; out0             ;
; |uartDebug|controlUart:controlUart0|PvLrStateSig[6]                           ; |uartDebug|controlUart:controlUart0|PvLrStateSig[6]                           ; out0             ;
; |uartDebug|controlUart:controlUart0|selMux8b~0                                ; |uartDebug|controlUart:controlUart0|selMux8b~0                                ; out0             ;
; |uartDebug|controlUart:controlUart0|selMux8b~1                                ; |uartDebug|controlUart:controlUart0|selMux8b~1                                ; out0             ;
; |uartDebug|controlUart:controlUart0|selMux8b[0]                               ; |uartDebug|controlUart:controlUart0|selMux8b[0]                               ; out0             ;
; |uartDebug|controlUart:controlUart0|selMux8b~3                                ; |uartDebug|controlUart:controlUart0|selMux8b~3                                ; out0             ;
; |uartDebug|controlUart:controlUart0|selMux8b~4                                ; |uartDebug|controlUart:controlUart0|selMux8b~4                                ; out0             ;
; |uartDebug|controlUart:controlUart0|selMux8b[1]                               ; |uartDebug|controlUart:controlUart0|selMux8b[1]                               ; out0             ;
; |uartDebug|controlUart:controlUart0|selMux8b~6                                ; |uartDebug|controlUart:controlUart0|selMux8b~6                                ; out0             ;
; |uartDebug|controlUart:controlUart0|selMux8b~7                                ; |uartDebug|controlUart:controlUart0|selMux8b~7                                ; out0             ;
; |uartDebug|controlUart:controlUart0|selMux8b[2]                               ; |uartDebug|controlUart:controlUart0|selMux8b[2]                               ; out0             ;
; |uartDebug|controlUart:controlUart0|rs~0                                      ; |uartDebug|controlUart:controlUart0|rs~0                                      ; out0             ;
; |uartDebug|controlUart:controlUart0|rs~1                                      ; |uartDebug|controlUart:controlUart0|rs~1                                      ; out0             ;
; |uartDebug|controlUart:controlUart0|rs~2                                      ; |uartDebug|controlUart:controlUart0|rs~2                                      ; out0             ;
; |uartDebug|controlUart:controlUart0|rs~3                                      ; |uartDebug|controlUart:controlUart0|rs~3                                      ; out0             ;
; |uartDebug|controlUart:controlUart0|rs~4                                      ; |uartDebug|controlUart:controlUart0|rs~4                                      ; out0             ;
; |uartDebug|controlUart:controlUart0|rs~5                                      ; |uartDebug|controlUart:controlUart0|rs~5                                      ; out0             ;
; |uartDebug|controlUart:controlUart0|rs~6                                      ; |uartDebug|controlUart:controlUart0|rs~6                                      ; out0             ;
; |uartDebug|controlUart:controlUart0|rs~7                                      ; |uartDebug|controlUart:controlUart0|rs~7                                      ; out0             ;
; |uartDebug|controlUart:controlUart0|rs~8                                      ; |uartDebug|controlUart:controlUart0|rs~8                                      ; out0             ;
; |uartDebug|controlUart:controlUart0|rs~9                                      ; |uartDebug|controlUart:controlUart0|rs~9                                      ; out0             ;
; |uartDebug|controlUart:controlUart0|rs~10                                     ; |uartDebug|controlUart:controlUart0|rs~10                                     ; out0             ;
; |uartDebug|controlUart:controlUart0|rs~11                                     ; |uartDebug|controlUart:controlUart0|rs~11                                     ; out0             ;
; |uartDebug|controlUart:controlUart0|rs~12                                     ; |uartDebug|controlUart:controlUart0|rs~12                                     ; out0             ;
; |uartDebug|controlUart:controlUart0|rs~13                                     ; |uartDebug|controlUart:controlUart0|rs~13                                     ; out0             ;
; |uartDebug|controlUart:controlUart0|rs~14                                     ; |uartDebug|controlUart:controlUart0|rs~14                                     ; out0             ;
; |uartDebug|controlUart:controlUart0|rs~15                                     ; |uartDebug|controlUart:controlUart0|rs~15                                     ; out0             ;
; |uartDebug|controlUart:controlUart0|rs~16                                     ; |uartDebug|controlUart:controlUart0|rs~16                                     ; out0             ;
; |uartDebug|controlUart:controlUart0|rs~17                                     ; |uartDebug|controlUart:controlUart0|rs~17                                     ; out0             ;
; |uartDebug|controlUart:controlUart0|rs~18                                     ; |uartDebug|controlUart:controlUart0|rs~18                                     ; out0             ;
; |uartDebug|controlUart:controlUart0|rs~19                                     ; |uartDebug|controlUart:controlUart0|rs~19                                     ; out0             ;
; |uartDebug|controlUart:controlUart0|rs~20                                     ; |uartDebug|controlUart:controlUart0|rs~20                                     ; out0             ;
; |uartDebug|controlUart:controlUart0|rs~21                                     ; |uartDebug|controlUart:controlUart0|rs~21                                     ; out0             ;
; |uartDebug|controlUart:controlUart0|rs                                        ; |uartDebug|controlUart:controlUart0|rs                                        ; out0             ;
; |uartDebug|controlUart:controlUart0|rst:rstPrLj5|selSig~0                     ; |uartDebug|controlUart:controlUart0|rst:rstPrLj5|selSig~0                     ; out0             ;
; |uartDebug|controlUart:controlUart0|rst:rstPrLj5|selSig~1                     ; |uartDebug|controlUart:controlUart0|rst:rstPrLj5|selSig~1                     ; out0             ;
; |uartDebug|controlUart:controlUart0|rst:rstPrLj5|selSig                       ; |uartDebug|controlUart:controlUart0|rst:rstPrLj5|selSig                       ; out0             ;
; |uartDebug|controlUart:controlUart0|rst:rstPrLj4|selSig~0                     ; |uartDebug|controlUart:controlUart0|rst:rstPrLj4|selSig~0                     ; out0             ;
; |uartDebug|controlUart:controlUart0|rst:rstPrLj4|selSig~1                     ; |uartDebug|controlUart:controlUart0|rst:rstPrLj4|selSig~1                     ; out0             ;
; |uartDebug|controlUart:controlUart0|rst:rstPrLj4|selSig                       ; |uartDebug|controlUart:controlUart0|rst:rstPrLj4|selSig                       ; out0             ;
; |uartDebug|controlUart:controlUart0|rst:rstPrLj3|selSig~0                     ; |uartDebug|controlUart:controlUart0|rst:rstPrLj3|selSig~0                     ; out0             ;
; |uartDebug|controlUart:controlUart0|rst:rstPrLj3|selSig~1                     ; |uartDebug|controlUart:controlUart0|rst:rstPrLj3|selSig~1                     ; out0             ;
; |uartDebug|controlUart:controlUart0|rst:rstPrLj3|selSig                       ; |uartDebug|controlUart:controlUart0|rst:rstPrLj3|selSig                       ; out0             ;
; |uartDebug|controlUart:controlUart0|rst:rstPrLj2|selSig~0                     ; |uartDebug|controlUart:controlUart0|rst:rstPrLj2|selSig~0                     ; out0             ;
; |uartDebug|controlUart:controlUart0|rst:rstPrLj2|selSig~1                     ; |uartDebug|controlUart:controlUart0|rst:rstPrLj2|selSig~1                     ; out0             ;
; |uartDebug|controlUart:controlUart0|rst:rstPrLj2|selSig                       ; |uartDebug|controlUart:controlUart0|rst:rstPrLj2|selSig                       ; out0             ;
; |uartDebug|controlUart:controlUart0|rst:rstPrLj1|selSig~0                     ; |uartDebug|controlUart:controlUart0|rst:rstPrLj1|selSig~0                     ; out0             ;
; |uartDebug|controlUart:controlUart0|rst:rstPrLj1|selSig~1                     ; |uartDebug|controlUart:controlUart0|rst:rstPrLj1|selSig~1                     ; out0             ;
; |uartDebug|controlUart:controlUart0|rst:rstPrLj1|selSig                       ; |uartDebug|controlUart:controlUart0|rst:rstPrLj1|selSig                       ; out0             ;
; |uartDebug|controlUart:controlUart0|rst:rstPrLj0|selSig~0                     ; |uartDebug|controlUart:controlUart0|rst:rstPrLj0|selSig~0                     ; out0             ;
; |uartDebug|controlUart:controlUart0|rst:rstPrLj0|selSig~1                     ; |uartDebug|controlUart:controlUart0|rst:rstPrLj0|selSig~1                     ; out0             ;
; |uartDebug|controlUart:controlUart0|rst:rstPrLj0|selSig                       ; |uartDebug|controlUart:controlUart0|rst:rstPrLj0|selSig                       ; out0             ;
; |uartDebug|controlUart:controlUart0|rst:rstPrLv5|selSig~0                     ; |uartDebug|controlUart:controlUart0|rst:rstPrLv5|selSig~0                     ; out0             ;
; |uartDebug|controlUart:controlUart0|rst:rstPrLv5|selSig~1                     ; |uartDebug|controlUart:controlUart0|rst:rstPrLv5|selSig~1                     ; out0             ;
; |uartDebug|controlUart:controlUart0|rst:rstPrLv5|selSig                       ; |uartDebug|controlUart:controlUart0|rst:rstPrLv5|selSig                       ; out0             ;
; |uartDebug|controlUart:controlUart0|rst:rstPrLv4|selSig~0                     ; |uartDebug|controlUart:controlUart0|rst:rstPrLv4|selSig~0                     ; out0             ;
; |uartDebug|controlUart:controlUart0|rst:rstPrLv4|selSig~1                     ; |uartDebug|controlUart:controlUart0|rst:rstPrLv4|selSig~1                     ; out0             ;
; |uartDebug|controlUart:controlUart0|rst:rstPrLv4|selSig                       ; |uartDebug|controlUart:controlUart0|rst:rstPrLv4|selSig                       ; out0             ;
; |uartDebug|controlUart:controlUart0|rst:rstPrLv3|selSig~0                     ; |uartDebug|controlUart:controlUart0|rst:rstPrLv3|selSig~0                     ; out0             ;
; |uartDebug|controlUart:controlUart0|rst:rstPrLv3|selSig~1                     ; |uartDebug|controlUart:controlUart0|rst:rstPrLv3|selSig~1                     ; out0             ;
; |uartDebug|controlUart:controlUart0|rst:rstPrLv3|selSig                       ; |uartDebug|controlUart:controlUart0|rst:rstPrLv3|selSig                       ; out0             ;
; |uartDebug|controlUart:controlUart0|rst:rstPrLv2|selSig~0                     ; |uartDebug|controlUart:controlUart0|rst:rstPrLv2|selSig~0                     ; out0             ;
; |uartDebug|controlUart:controlUart0|rst:rstPrLv2|selSig~1                     ; |uartDebug|controlUart:controlUart0|rst:rstPrLv2|selSig~1                     ; out0             ;
; |uartDebug|controlUart:controlUart0|rst:rstPrLv2|selSig                       ; |uartDebug|controlUart:controlUart0|rst:rstPrLv2|selSig                       ; out0             ;
; |uartDebug|controlUart:controlUart0|rst:rstPrLv1|selSig~0                     ; |uartDebug|controlUart:controlUart0|rst:rstPrLv1|selSig~0                     ; out0             ;
; |uartDebug|controlUart:controlUart0|rst:rstPrLv1|selSig~1                     ; |uartDebug|controlUart:controlUart0|rst:rstPrLv1|selSig~1                     ; out0             ;
; |uartDebug|controlUart:controlUart0|rst:rstPrLv1|selSig                       ; |uartDebug|controlUart:controlUart0|rst:rstPrLv1|selSig                       ; out0             ;
; |uartDebug|controlUart:controlUart0|rst:rstPrLv0|selSig~0                     ; |uartDebug|controlUart:controlUart0|rst:rstPrLv0|selSig~0                     ; out0             ;
; |uartDebug|controlUart:controlUart0|rst:rstPrLv0|selSig~1                     ; |uartDebug|controlUart:controlUart0|rst:rstPrLv0|selSig~1                     ; out0             ;
; |uartDebug|controlUart:controlUart0|rst:rstPrLv0|selSig                       ; |uartDebug|controlUart:controlUart0|rst:rstPrLv0|selSig                       ; out0             ;
; |uartDebug|controlUart:controlUart0|rst:rstPjLr5|selSig~0                     ; |uartDebug|controlUart:controlUart0|rst:rstPjLr5|selSig~0                     ; out0             ;
; |uartDebug|controlUart:controlUart0|rst:rstPjLr5|selSig~1                     ; |uartDebug|controlUart:controlUart0|rst:rstPjLr5|selSig~1                     ; out0             ;
; |uartDebug|controlUart:controlUart0|rst:rstPjLr5|selSig                       ; |uartDebug|controlUart:controlUart0|rst:rstPjLr5|selSig                       ; out0             ;
; |uartDebug|controlUart:controlUart0|rst:rstPjLr4|selSig~0                     ; |uartDebug|controlUart:controlUart0|rst:rstPjLr4|selSig~0                     ; out0             ;
; |uartDebug|controlUart:controlUart0|rst:rstPjLr4|selSig~1                     ; |uartDebug|controlUart:controlUart0|rst:rstPjLr4|selSig~1                     ; out0             ;
; |uartDebug|controlUart:controlUart0|rst:rstPjLr4|selSig                       ; |uartDebug|controlUart:controlUart0|rst:rstPjLr4|selSig                       ; out0             ;
; |uartDebug|controlUart:controlUart0|rst:rstPjLr3|selSig~0                     ; |uartDebug|controlUart:controlUart0|rst:rstPjLr3|selSig~0                     ; out0             ;
; |uartDebug|controlUart:controlUart0|rst:rstPjLr3|selSig~1                     ; |uartDebug|controlUart:controlUart0|rst:rstPjLr3|selSig~1                     ; out0             ;
; |uartDebug|controlUart:controlUart0|rst:rstPjLr3|selSig                       ; |uartDebug|controlUart:controlUart0|rst:rstPjLr3|selSig                       ; out0             ;
; |uartDebug|controlUart:controlUart0|rst:rstPjLr2|selSig~0                     ; |uartDebug|controlUart:controlUart0|rst:rstPjLr2|selSig~0                     ; out0             ;
; |uartDebug|controlUart:controlUart0|rst:rstPjLr2|selSig~1                     ; |uartDebug|controlUart:controlUart0|rst:rstPjLr2|selSig~1                     ; out0             ;
; |uartDebug|controlUart:controlUart0|rst:rstPjLr2|selSig                       ; |uartDebug|controlUart:controlUart0|rst:rstPjLr2|selSig                       ; out0             ;
; |uartDebug|controlUart:controlUart0|rst:rstPjLr1|selSig~0                     ; |uartDebug|controlUart:controlUart0|rst:rstPjLr1|selSig~0                     ; out0             ;
; |uartDebug|controlUart:controlUart0|rst:rstPjLr1|selSig~1                     ; |uartDebug|controlUart:controlUart0|rst:rstPjLr1|selSig~1                     ; out0             ;
; |uartDebug|controlUart:controlUart0|rst:rstPjLr1|selSig                       ; |uartDebug|controlUart:controlUart0|rst:rstPjLr1|selSig                       ; out0             ;
; |uartDebug|controlUart:controlUart0|rst:rstPjLr0|selSig~0                     ; |uartDebug|controlUart:controlUart0|rst:rstPjLr0|selSig~0                     ; out0             ;
; |uartDebug|controlUart:controlUart0|rst:rstPjLr0|selSig~1                     ; |uartDebug|controlUart:controlUart0|rst:rstPjLr0|selSig~1                     ; out0             ;
; |uartDebug|controlUart:controlUart0|rst:rstPjLr0|selSig                       ; |uartDebug|controlUart:controlUart0|rst:rstPjLr0|selSig                       ; out0             ;
; |uartDebug|controlUart:controlUart0|rst:rstPvLr5|selSig~0                     ; |uartDebug|controlUart:controlUart0|rst:rstPvLr5|selSig~0                     ; out0             ;
; |uartDebug|controlUart:controlUart0|rst:rstPvLr5|selSig~1                     ; |uartDebug|controlUart:controlUart0|rst:rstPvLr5|selSig~1                     ; out0             ;
; |uartDebug|controlUart:controlUart0|rst:rstPvLr5|selSig                       ; |uartDebug|controlUart:controlUart0|rst:rstPvLr5|selSig                       ; out0             ;
; |uartDebug|controlUart:controlUart0|rst:rstPvLr5|input~0                      ; |uartDebug|controlUart:controlUart0|rst:rstPvLr5|input~0                      ; out0             ;
; |uartDebug|controlUart:controlUart0|rst:rstPvLr5|input~1                      ; |uartDebug|controlUart:controlUart0|rst:rstPvLr5|input~1                      ; out0             ;
; |uartDebug|controlUart:controlUart0|rst:rstPvLr5|input~2                      ; |uartDebug|controlUart:controlUart0|rst:rstPvLr5|input~2                      ; out0             ;
; |uartDebug|controlUart:controlUart0|rst:rstPvLr5|input~3                      ; |uartDebug|controlUart:controlUart0|rst:rstPvLr5|input~3                      ; out0             ;
; |uartDebug|controlUart:controlUart0|rst:rstPvLr5|input                        ; |uartDebug|controlUart:controlUart0|rst:rstPvLr5|input                        ; out0             ;
; |uartDebug|controlUart:controlUart0|rst:rstPvLr5|bascDReset:bascDReset0|int_q ; |uartDebug|controlUart:controlUart0|rst:rstPvLr5|bascDReset:bascDReset0|int_q ; regout           ;
; |uartDebug|controlUart:controlUart0|rst:rstPvLr4|selSig~0                     ; |uartDebug|controlUart:controlUart0|rst:rstPvLr4|selSig~0                     ; out0             ;
; |uartDebug|controlUart:controlUart0|rst:rstPvLr4|selSig~1                     ; |uartDebug|controlUart:controlUart0|rst:rstPvLr4|selSig~1                     ; out0             ;
; |uartDebug|controlUart:controlUart0|rst:rstPvLr4|selSig                       ; |uartDebug|controlUart:controlUart0|rst:rstPvLr4|selSig                       ; out0             ;
; |uartDebug|controlUart:controlUart0|rst:rstPvLr4|input~0                      ; |uartDebug|controlUart:controlUart0|rst:rstPvLr4|input~0                      ; out0             ;
; |uartDebug|controlUart:controlUart0|rst:rstPvLr4|input~1                      ; |uartDebug|controlUart:controlUart0|rst:rstPvLr4|input~1                      ; out0             ;
; |uartDebug|controlUart:controlUart0|rst:rstPvLr4|input~2                      ; |uartDebug|controlUart:controlUart0|rst:rstPvLr4|input~2                      ; out0             ;
; |uartDebug|controlUart:controlUart0|rst:rstPvLr4|input~3                      ; |uartDebug|controlUart:controlUart0|rst:rstPvLr4|input~3                      ; out0             ;
; |uartDebug|controlUart:controlUart0|rst:rstPvLr4|input                        ; |uartDebug|controlUart:controlUart0|rst:rstPvLr4|input                        ; out0             ;
; |uartDebug|controlUart:controlUart0|rst:rstPvLr4|bascDReset:bascDReset0|int_q ; |uartDebug|controlUart:controlUart0|rst:rstPvLr4|bascDReset:bascDReset0|int_q ; regout           ;
; |uartDebug|controlUart:controlUart0|rst:rstPvLr3|selSig~0                     ; |uartDebug|controlUart:controlUart0|rst:rstPvLr3|selSig~0                     ; out0             ;
; |uartDebug|controlUart:controlUart0|rst:rstPvLr3|selSig~1                     ; |uartDebug|controlUart:controlUart0|rst:rstPvLr3|selSig~1                     ; out0             ;
; |uartDebug|controlUart:controlUart0|rst:rstPvLr3|selSig                       ; |uartDebug|controlUart:controlUart0|rst:rstPvLr3|selSig                       ; out0             ;
; |uartDebug|controlUart:controlUart0|rst:rstPvLr3|input~0                      ; |uartDebug|controlUart:controlUart0|rst:rstPvLr3|input~0                      ; out0             ;
; |uartDebug|controlUart:controlUart0|rst:rstPvLr3|input~1                      ; |uartDebug|controlUart:controlUart0|rst:rstPvLr3|input~1                      ; out0             ;
; |uartDebug|controlUart:controlUart0|rst:rstPvLr3|input~2                      ; |uartDebug|controlUart:controlUart0|rst:rstPvLr3|input~2                      ; out0             ;
; |uartDebug|controlUart:controlUart0|rst:rstPvLr3|input~3                      ; |uartDebug|controlUart:controlUart0|rst:rstPvLr3|input~3                      ; out0             ;
; |uartDebug|controlUart:controlUart0|rst:rstPvLr3|input                        ; |uartDebug|controlUart:controlUart0|rst:rstPvLr3|input                        ; out0             ;
; |uartDebug|controlUart:controlUart0|rst:rstPvLr3|bascDReset:bascDReset0|int_q ; |uartDebug|controlUart:controlUart0|rst:rstPvLr3|bascDReset:bascDReset0|int_q ; regout           ;
; |uartDebug|controlUart:controlUart0|rst:rstPvLr2|selSig~0                     ; |uartDebug|controlUart:controlUart0|rst:rstPvLr2|selSig~0                     ; out0             ;
; |uartDebug|controlUart:controlUart0|rst:rstPvLr2|selSig~1                     ; |uartDebug|controlUart:controlUart0|rst:rstPvLr2|selSig~1                     ; out0             ;
; |uartDebug|controlUart:controlUart0|rst:rstPvLr2|selSig                       ; |uartDebug|controlUart:controlUart0|rst:rstPvLr2|selSig                       ; out0             ;
; |uartDebug|controlUart:controlUart0|rst:rstPvLr2|input~0                      ; |uartDebug|controlUart:controlUart0|rst:rstPvLr2|input~0                      ; out0             ;
; |uartDebug|controlUart:controlUart0|rst:rstPvLr2|input~1                      ; |uartDebug|controlUart:controlUart0|rst:rstPvLr2|input~1                      ; out0             ;
; |uartDebug|controlUart:controlUart0|rst:rstPvLr2|input~2                      ; |uartDebug|controlUart:controlUart0|rst:rstPvLr2|input~2                      ; out0             ;
; |uartDebug|controlUart:controlUart0|rst:rstPvLr2|input~3                      ; |uartDebug|controlUart:controlUart0|rst:rstPvLr2|input~3                      ; out0             ;
; |uartDebug|controlUart:controlUart0|rst:rstPvLr2|input                        ; |uartDebug|controlUart:controlUart0|rst:rstPvLr2|input                        ; out0             ;
; |uartDebug|controlUart:controlUart0|rst:rstPvLr2|bascDReset:bascDReset0|int_q ; |uartDebug|controlUart:controlUart0|rst:rstPvLr2|bascDReset:bascDReset0|int_q ; regout           ;
; |uartDebug|controlUart:controlUart0|rst:rstPvLr1|selSig~0                     ; |uartDebug|controlUart:controlUart0|rst:rstPvLr1|selSig~0                     ; out0             ;
; |uartDebug|controlUart:controlUart0|rst:rstPvLr1|selSig~1                     ; |uartDebug|controlUart:controlUart0|rst:rstPvLr1|selSig~1                     ; out0             ;
; |uartDebug|controlUart:controlUart0|rst:rstPvLr1|selSig                       ; |uartDebug|controlUart:controlUart0|rst:rstPvLr1|selSig                       ; out0             ;
; |uartDebug|controlUart:controlUart0|rst:rstPvLr1|input~0                      ; |uartDebug|controlUart:controlUart0|rst:rstPvLr1|input~0                      ; out0             ;
; |uartDebug|controlUart:controlUart0|rst:rstPvLr1|input~1                      ; |uartDebug|controlUart:controlUart0|rst:rstPvLr1|input~1                      ; out0             ;
; |uartDebug|controlUart:controlUart0|rst:rstPvLr1|input~2                      ; |uartDebug|controlUart:controlUart0|rst:rstPvLr1|input~2                      ; out0             ;
; |uartDebug|controlUart:controlUart0|rst:rstPvLr1|input~3                      ; |uartDebug|controlUart:controlUart0|rst:rstPvLr1|input~3                      ; out0             ;
; |uartDebug|controlUart:controlUart0|rst:rstPvLr1|input                        ; |uartDebug|controlUart:controlUart0|rst:rstPvLr1|input                        ; out0             ;
; |uartDebug|controlUart:controlUart0|rst:rstPvLr1|bascDReset:bascDReset0|int_q ; |uartDebug|controlUart:controlUart0|rst:rstPvLr1|bascDReset:bascDReset0|int_q ; regout           ;
; |uartDebug|controlUart:controlUart0|rst:rstPvLr0|selSig~0                     ; |uartDebug|controlUart:controlUart0|rst:rstPvLr0|selSig~0                     ; out0             ;
; |uartDebug|controlUart:controlUart0|rst:rstPvLr0|selSig~1                     ; |uartDebug|controlUart:controlUart0|rst:rstPvLr0|selSig~1                     ; out0             ;
; |uartDebug|controlUart:controlUart0|rst:rstPvLr0|selSig                       ; |uartDebug|controlUart:controlUart0|rst:rstPvLr0|selSig                       ; out0             ;
; |uartDebug|controlUart:controlUart0|rst:rstPvLr0|input~0                      ; |uartDebug|controlUart:controlUart0|rst:rstPvLr0|input~0                      ; out0             ;
; |uartDebug|controlUart:controlUart0|rst:rstPvLr0|input~1                      ; |uartDebug|controlUart:controlUart0|rst:rstPvLr0|input~1                      ; out0             ;
; |uartDebug|controlUart:controlUart0|rst:rstPvLr0|input~2                      ; |uartDebug|controlUart:controlUart0|rst:rstPvLr0|input~2                      ; out0             ;
; |uartDebug|controlUart:controlUart0|rst:rstPvLr0|input~3                      ; |uartDebug|controlUart:controlUart0|rst:rstPvLr0|input~3                      ; out0             ;
; |uartDebug|controlUart:controlUart0|rst:rstPvLr0|input                        ; |uartDebug|controlUart:controlUart0|rst:rstPvLr0|input                        ; out0             ;
; |uartDebug|controlUart:controlUart0|rst:rstPvLr0|bascDReset:bascDReset0|int_q ; |uartDebug|controlUart:controlUart0|rst:rstPvLr0|bascDReset:bascDReset0|int_q ; regout           ;
; |uartDebug|controlUart:controlUart0|PL:PvLr|input~0                           ; |uartDebug|controlUart:controlUart0|PL:PvLr|input~0                           ; out0             ;
; |uartDebug|controlUart:controlUart0|PL:PvLr|input~1                           ; |uartDebug|controlUart:controlUart0|PL:PvLr|input~1                           ; out0             ;
; |uartDebug|controlUart:controlUart0|PL:PvLr|input~2                           ; |uartDebug|controlUart:controlUart0|PL:PvLr|input~2                           ; out0             ;
; |uartDebug|controlUart:controlUart0|PL:PvLr|input~3                           ; |uartDebug|controlUart:controlUart0|PL:PvLr|input~3                           ; out0             ;
; |uartDebug|controlUart:controlUart0|PL:PvLr|input~4                           ; |uartDebug|controlUart:controlUart0|PL:PvLr|input~4                           ; out0             ;
; |uartDebug|controlUart:controlUart0|PL:PvLr|input[0]                          ; |uartDebug|controlUart:controlUart0|PL:PvLr|input[0]                          ; out0             ;
; |uartDebug|controlUart:controlUart0|PL:PvLr|input~7                           ; |uartDebug|controlUart:controlUart0|PL:PvLr|input~7                           ; out0             ;
; |uartDebug|controlUart:controlUart0|PL:PvLr|input~10                          ; |uartDebug|controlUart:controlUart0|PL:PvLr|input~10                          ; out0             ;
; |uartDebug|controlUart:controlUart0|PL:PvLr|input~11                          ; |uartDebug|controlUart:controlUart0|PL:PvLr|input~11                          ; out0             ;
; |uartDebug|controlUart:controlUart0|PL:PvLr|input[1]                          ; |uartDebug|controlUart:controlUart0|PL:PvLr|input[1]                          ; out0             ;
; |uartDebug|controlUart:controlUart0|PL:PvLr|input~12                          ; |uartDebug|controlUart:controlUart0|PL:PvLr|input~12                          ; out0             ;
; |uartDebug|controlUart:controlUart0|PL:PvLr|input~15                          ; |uartDebug|controlUart:controlUart0|PL:PvLr|input~15                          ; out0             ;
; |uartDebug|controlUart:controlUart0|PL:PvLr|input~17                          ; |uartDebug|controlUart:controlUart0|PL:PvLr|input~17                          ; out0             ;
; |uartDebug|controlUart:controlUart0|PL:PvLr|input~18                          ; |uartDebug|controlUart:controlUart0|PL:PvLr|input~18                          ; out0             ;
; |uartDebug|controlUart:controlUart0|PL:PvLr|input[2]                          ; |uartDebug|controlUart:controlUart0|PL:PvLr|input[2]                          ; out0             ;
; |uartDebug|controlUart:controlUart0|PL:PvLr|bascDReset:bascDReset1|int_q      ; |uartDebug|controlUart:controlUart0|PL:PvLr|bascDReset:bascDReset1|int_q      ; regout           ;
; |uartDebug|controlUart:controlUart0|PL:PvLr|bascDReset:bascDReset0|int_q      ; |uartDebug|controlUart:controlUart0|PL:PvLr|bascDReset:bascDReset0|int_q      ; regout           ;
; |uartDebug|controlUart:controlUart0|clk_div:clk_div1|countClkOut~1            ; |uartDebug|controlUart:controlUart0|clk_div:clk_div1|countClkOut~1            ; out              ;
; |uartDebug|controlUart:controlUart0|clk_div:clk_div1|countClkOut~2            ; |uartDebug|controlUart:controlUart0|clk_div:clk_div1|countClkOut~2            ; out              ;
; |uartDebug|controlUart:controlUart0|clk_div:clk_div1|countClkOut~3            ; |uartDebug|controlUart:controlUart0|clk_div:clk_div1|countClkOut~3            ; out              ;
; |uartDebug|controlUart:controlUart0|clk_div:clk_div1|countClkOut~4            ; |uartDebug|controlUart:controlUart0|clk_div:clk_div1|countClkOut~4            ; out              ;
; |uartDebug|controlUart:controlUart0|clk_div:clk_div1|countClkOut[0]           ; |uartDebug|controlUart:controlUart0|clk_div:clk_div1|countClkOut[0]           ; regout           ;
; |uartDebug|controlUart:controlUart0|clk_div:clk_div1|countClkOut[1]           ; |uartDebug|controlUart:controlUart0|clk_div:clk_div1|countClkOut[1]           ; regout           ;
; |uartDebug|controlUart:controlUart0|clk_div:clk_div1|countClkOut[2]           ; |uartDebug|controlUart:controlUart0|clk_div:clk_div1|countClkOut[2]           ; regout           ;
; |uartDebug|controlUart:controlUart0|clk_div:clk_div0|countClkOut~1            ; |uartDebug|controlUart:controlUart0|clk_div:clk_div0|countClkOut~1            ; out              ;
; |uartDebug|controlUart:controlUart0|clk_div:clk_div0|countClkOut~2            ; |uartDebug|controlUart:controlUart0|clk_div:clk_div0|countClkOut~2            ; out              ;
; |uartDebug|controlUart:controlUart0|clk_div:clk_div0|countClkOut~3            ; |uartDebug|controlUart:controlUart0|clk_div:clk_div0|countClkOut~3            ; out              ;
; |uartDebug|controlUart:controlUart0|clk_div:clk_div0|countClkOut~4            ; |uartDebug|controlUart:controlUart0|clk_div:clk_div0|countClkOut~4            ; out              ;
; |uartDebug|controlUart:controlUart0|clk_div:clk_div0|clkOut                   ; |uartDebug|controlUart:controlUart0|clk_div:clk_div0|clkOut                   ; regout           ;
; |uartDebug|controlUart:controlUart0|clk_div:clk_div0|ClkOutSig                ; |uartDebug|controlUart:controlUart0|clk_div:clk_div0|ClkOutSig                ; regout           ;
; |uartDebug|controlUart:controlUart0|clk_div:clk_div0|countClkOut[0]           ; |uartDebug|controlUart:controlUart0|clk_div:clk_div0|countClkOut[0]           ; regout           ;
; |uartDebug|controlUart:controlUart0|clk_div:clk_div0|countClkOut[1]           ; |uartDebug|controlUart:controlUart0|clk_div:clk_div0|countClkOut[1]           ; regout           ;
; |uartDebug|controlUart:controlUart0|clk_div:clk_div0|countClkOut[2]           ; |uartDebug|controlUart:controlUart0|clk_div:clk_div0|countClkOut[2]           ; regout           ;
; |uartDebug|controlUart:controlUart0|clk_div:clk_div0|countClkOut[3]           ; |uartDebug|controlUart:controlUart0|clk_div:clk_div0|countClkOut[3]           ; regout           ;
; |uartDebug|uart:uart0|compt4bits:compt4bits0|dsig[1]                          ; |uartDebug|uart:uart0|compt4bits:compt4bits0|dsig[1]                          ; out0             ;
; |uartDebug|uart:uart0|compt4bits:compt4bits0|dsig~0                           ; |uartDebug|uart:uart0|compt4bits:compt4bits0|dsig~0                           ; out0             ;
; |uartDebug|uart:uart0|compt4bits:compt4bits0|dsig[2]                          ; |uartDebug|uart:uart0|compt4bits:compt4bits0|dsig[2]                          ; out0             ;
; |uartDebug|uart:uart0|compt4bits:compt4bits0|dsig~1                           ; |uartDebug|uart:uart0|compt4bits:compt4bits0|dsig~1                           ; out0             ;
; |uartDebug|uart:uart0|compt4bits:compt4bits0|dsig~2                           ; |uartDebug|uart:uart0|compt4bits:compt4bits0|dsig~2                           ; out0             ;
; |uartDebug|uart:uart0|compt4bits:compt4bits0|dsig[3]                          ; |uartDebug|uart:uart0|compt4bits:compt4bits0|dsig[3]                          ; out0             ;
; |uartDebug|uart:uart0|compt4bits:compt4bits0|bascDReset:basc3|int_q           ; |uartDebug|uart:uart0|compt4bits:compt4bits0|bascDReset:basc3|int_q           ; regout           ;
; |uartDebug|uart:uart0|compt4bits:compt4bits0|bascDReset:basc2|int_q           ; |uartDebug|uart:uart0|compt4bits:compt4bits0|bascDReset:basc2|int_q           ; regout           ;
; |uartDebug|uart:uart0|compt4bits:compt4bits0|bascDReset:basc1|int_q           ; |uartDebug|uart:uart0|compt4bits:compt4bits0|bascDReset:basc1|int_q           ; regout           ;
; |uartDebug|uart:uart0|compt4bits:compt4bits0|bascDReset:basc0|int_q           ; |uartDebug|uart:uart0|compt4bits:compt4bits0|bascDReset:basc0|int_q           ; regout           ;
; |uartDebug|uart:uart0|mux161_1b:mux1610|s~0                                   ; |uartDebug|uart:uart0|mux161_1b:mux1610|s~0                                   ; out0             ;
; |uartDebug|uart:uart0|mux161_1b:mux1610|s~1                                   ; |uartDebug|uart:uart0|mux161_1b:mux1610|s~1                                   ; out0             ;
; |uartDebug|uart:uart0|mux161_1b:mux1610|s~2                                   ; |uartDebug|uart:uart0|mux161_1b:mux1610|s~2                                   ; out0             ;
; |uartDebug|uart:uart0|mux161_1b:mux1610|s~3                                   ; |uartDebug|uart:uart0|mux161_1b:mux1610|s~3                                   ; out0             ;
; |uartDebug|uart:uart0|mux161_1b:mux1610|s~4                                   ; |uartDebug|uart:uart0|mux161_1b:mux1610|s~4                                   ; out0             ;
; |uartDebug|uart:uart0|mux161_1b:mux1610|s~5                                   ; |uartDebug|uart:uart0|mux161_1b:mux1610|s~5                                   ; out0             ;
; |uartDebug|uart:uart0|mux161_1b:mux1610|s~6                                   ; |uartDebug|uart:uart0|mux161_1b:mux1610|s~6                                   ; out0             ;
; |uartDebug|uart:uart0|mux161_1b:mux1610|s~7                                   ; |uartDebug|uart:uart0|mux161_1b:mux1610|s~7                                   ; out0             ;
; |uartDebug|uart:uart0|mux161_1b:mux1610|s~8                                   ; |uartDebug|uart:uart0|mux161_1b:mux1610|s~8                                   ; out0             ;
; |uartDebug|uart:uart0|mux161_1b:mux1610|s~9                                   ; |uartDebug|uart:uart0|mux161_1b:mux1610|s~9                                   ; out0             ;
; |uartDebug|uart:uart0|mux161_1b:mux1610|s~10                                  ; |uartDebug|uart:uart0|mux161_1b:mux1610|s~10                                  ; out0             ;
; |uartDebug|uart:uart0|mux161_1b:mux1610|s~11                                  ; |uartDebug|uart:uart0|mux161_1b:mux1610|s~11                                  ; out0             ;
; |uartDebug|uart:uart0|mux161_1b:mux1610|s~12                                  ; |uartDebug|uart:uart0|mux161_1b:mux1610|s~12                                  ; out0             ;
; |uartDebug|uart:uart0|mux161_1b:mux1610|s~13                                  ; |uartDebug|uart:uart0|mux161_1b:mux1610|s~13                                  ; out0             ;
; |uartDebug|uart:uart0|mux161_1b:mux1610|s~14                                  ; |uartDebug|uart:uart0|mux161_1b:mux1610|s~14                                  ; out0             ;
; |uartDebug|uart:uart0|mux161_1b:mux1610|s~15                                  ; |uartDebug|uart:uart0|mux161_1b:mux1610|s~15                                  ; out0             ;
; |uartDebug|uart:uart0|mux161_1b:mux1610|s~16                                  ; |uartDebug|uart:uart0|mux161_1b:mux1610|s~16                                  ; out0             ;
; |uartDebug|uart:uart0|mux161_1b:mux1610|s~17                                  ; |uartDebug|uart:uart0|mux161_1b:mux1610|s~17                                  ; out0             ;
; |uartDebug|uart:uart0|mux161_1b:mux1610|s~18                                  ; |uartDebug|uart:uart0|mux161_1b:mux1610|s~18                                  ; out0             ;
; |uartDebug|uart:uart0|mux161_1b:mux1610|s~19                                  ; |uartDebug|uart:uart0|mux161_1b:mux1610|s~19                                  ; out0             ;
; |uartDebug|uart:uart0|mux161_1b:mux1610|s~20                                  ; |uartDebug|uart:uart0|mux161_1b:mux1610|s~20                                  ; out0             ;
; |uartDebug|uart:uart0|mux161_1b:mux1610|s~21                                  ; |uartDebug|uart:uart0|mux161_1b:mux1610|s~21                                  ; out0             ;
; |uartDebug|uart:uart0|mux161_1b:mux1610|s~22                                  ; |uartDebug|uart:uart0|mux161_1b:mux1610|s~22                                  ; out0             ;
; |uartDebug|uart:uart0|mux161_1b:mux1610|s~23                                  ; |uartDebug|uart:uart0|mux161_1b:mux1610|s~23                                  ; out0             ;
; |uartDebug|uart:uart0|mux161_1b:mux1610|s~24                                  ; |uartDebug|uart:uart0|mux161_1b:mux1610|s~24                                  ; out0             ;
; |uartDebug|uart:uart0|mux161_1b:mux1610|s~25                                  ; |uartDebug|uart:uart0|mux161_1b:mux1610|s~25                                  ; out0             ;
; |uartDebug|uart:uart0|mux161_1b:mux1610|s~26                                  ; |uartDebug|uart:uart0|mux161_1b:mux1610|s~26                                  ; out0             ;
; |uartDebug|uart:uart0|mux161_1b:mux1610|s~27                                  ; |uartDebug|uart:uart0|mux161_1b:mux1610|s~27                                  ; out0             ;
; |uartDebug|uart:uart0|mux161_1b:mux1610|s~28                                  ; |uartDebug|uart:uart0|mux161_1b:mux1610|s~28                                  ; out0             ;
; |uartDebug|uart:uart0|mux161_1b:mux1610|s~29                                  ; |uartDebug|uart:uart0|mux161_1b:mux1610|s~29                                  ; out0             ;
; |uartDebug|uart:uart0|mux161_1b:mux1610|s~33                                  ; |uartDebug|uart:uart0|mux161_1b:mux1610|s~33                                  ; out0             ;
; |uartDebug|uart:uart0|mux161_1b:mux1610|s~34                                  ; |uartDebug|uart:uart0|mux161_1b:mux1610|s~34                                  ; out0             ;
; |uartDebug|uart:uart0|mux161_1b:mux1610|s~35                                  ; |uartDebug|uart:uart0|mux161_1b:mux1610|s~35                                  ; out0             ;
; |uartDebug|uart:uart0|mux161_1b:mux1610|s~36                                  ; |uartDebug|uart:uart0|mux161_1b:mux1610|s~36                                  ; out0             ;
; |uartDebug|uart:uart0|mux161_1b:mux1610|s~37                                  ; |uartDebug|uart:uart0|mux161_1b:mux1610|s~37                                  ; out0             ;
; |uartDebug|uart:uart0|mux161_1b:mux1610|s~38                                  ; |uartDebug|uart:uart0|mux161_1b:mux1610|s~38                                  ; out0             ;
; |uartDebug|uart:uart0|mux161_1b:mux1610|s~39                                  ; |uartDebug|uart:uart0|mux161_1b:mux1610|s~39                                  ; out0             ;
; |uartDebug|uart:uart0|mux161_1b:mux1610|s~40                                  ; |uartDebug|uart:uart0|mux161_1b:mux1610|s~40                                  ; out0             ;
; |uartDebug|uart:uart0|mux161_1b:mux1610|s~41                                  ; |uartDebug|uart:uart0|mux161_1b:mux1610|s~41                                  ; out0             ;
; |uartDebug|uart:uart0|mux161_1b:mux1610|s~42                                  ; |uartDebug|uart:uart0|mux161_1b:mux1610|s~42                                  ; out0             ;
; |uartDebug|uart:uart0|mux161_1b:mux1610|s~43                                  ; |uartDebug|uart:uart0|mux161_1b:mux1610|s~43                                  ; out0             ;
; |uartDebug|uart:uart0|mux161_1b:mux1610|s~44                                  ; |uartDebug|uart:uart0|mux161_1b:mux1610|s~44                                  ; out0             ;
; |uartDebug|uart:uart0|mux161_1b:mux1610|s~45                                  ; |uartDebug|uart:uart0|mux161_1b:mux1610|s~45                                  ; out0             ;
; |uartDebug|uart:uart0|mux161_1b:mux1610|s~46                                  ; |uartDebug|uart:uart0|mux161_1b:mux1610|s~46                                  ; out0             ;
; |uartDebug|uart:uart0|mux161_1b:mux1610|s~47                                  ; |uartDebug|uart:uart0|mux161_1b:mux1610|s~47                                  ; out0             ;
; |uartDebug|uart:uart0|mux161_1b:mux1610|s                                     ; |uartDebug|uart:uart0|mux161_1b:mux1610|s                                     ; out0             ;
; |uartDebug|uart:uart0|reg8b:reg8b0|bascDReset:bascD6|int_q                    ; |uartDebug|uart:uart0|reg8b:reg8b0|bascDReset:bascD6|int_q                    ; regout           ;
; |uartDebug|uart:uart0|reg8b:reg8b0|bascDReset:bascD5|int_q                    ; |uartDebug|uart:uart0|reg8b:reg8b0|bascDReset:bascD5|int_q                    ; regout           ;
; |uartDebug|uart:uart0|reg8b:reg8b0|bascDReset:bascD4|int_q                    ; |uartDebug|uart:uart0|reg8b:reg8b0|bascDReset:bascD4|int_q                    ; regout           ;
; |uartDebug|uart:uart0|reg8b:reg8b0|bascDReset:bascD3|int_q                    ; |uartDebug|uart:uart0|reg8b:reg8b0|bascDReset:bascD3|int_q                    ; regout           ;
; |uartDebug|uart:uart0|reg8b:reg8b0|bascDReset:bascD2|int_q                    ; |uartDebug|uart:uart0|reg8b:reg8b0|bascDReset:bascD2|int_q                    ; regout           ;
; |uartDebug|uart:uart0|reg8b:reg8b0|bascDReset:bascD1|int_q                    ; |uartDebug|uart:uart0|reg8b:reg8b0|bascDReset:bascD1|int_q                    ; regout           ;
; |uartDebug|uart:uart0|reg8b:reg8b0|bascDReset:bascD0|int_q                    ; |uartDebug|uart:uart0|reg8b:reg8b0|bascDReset:bascD0|int_q                    ; regout           ;
; |uartDebug|uart:uart0|mux81_8b:mux81_8b0|mux81_1b:mux81_1b_6|s~0              ; |uartDebug|uart:uart0|mux81_8b:mux81_8b0|mux81_1b:mux81_1b_6|s~0              ; out0             ;
; |uartDebug|uart:uart0|mux81_8b:mux81_8b0|mux81_1b:mux81_1b_6|s~1              ; |uartDebug|uart:uart0|mux81_8b:mux81_8b0|mux81_1b:mux81_1b_6|s~1              ; out0             ;
; |uartDebug|uart:uart0|mux81_8b:mux81_8b0|mux81_1b:mux81_1b_6|s~3              ; |uartDebug|uart:uart0|mux81_8b:mux81_8b0|mux81_1b:mux81_1b_6|s~3              ; out0             ;
; |uartDebug|uart:uart0|mux81_8b:mux81_8b0|mux81_1b:mux81_1b_6|s~5              ; |uartDebug|uart:uart0|mux81_8b:mux81_8b0|mux81_1b:mux81_1b_6|s~5              ; out0             ;
; |uartDebug|uart:uart0|mux81_8b:mux81_8b0|mux81_1b:mux81_1b_6|s~6              ; |uartDebug|uart:uart0|mux81_8b:mux81_8b0|mux81_1b:mux81_1b_6|s~6              ; out0             ;
; |uartDebug|uart:uart0|mux81_8b:mux81_8b0|mux81_1b:mux81_1b_6|s~7              ; |uartDebug|uart:uart0|mux81_8b:mux81_8b0|mux81_1b:mux81_1b_6|s~7              ; out0             ;
; |uartDebug|uart:uart0|mux81_8b:mux81_8b0|mux81_1b:mux81_1b_6|s~9              ; |uartDebug|uart:uart0|mux81_8b:mux81_8b0|mux81_1b:mux81_1b_6|s~9              ; out0             ;
; |uartDebug|uart:uart0|mux81_8b:mux81_8b0|mux81_1b:mux81_1b_6|s~10             ; |uartDebug|uart:uart0|mux81_8b:mux81_8b0|mux81_1b:mux81_1b_6|s~10             ; out0             ;
; |uartDebug|uart:uart0|mux81_8b:mux81_8b0|mux81_1b:mux81_1b_6|s~12             ; |uartDebug|uart:uart0|mux81_8b:mux81_8b0|mux81_1b:mux81_1b_6|s~12             ; out0             ;
; |uartDebug|uart:uart0|mux81_8b:mux81_8b0|mux81_1b:mux81_1b_6|s~13             ; |uartDebug|uart:uart0|mux81_8b:mux81_8b0|mux81_1b:mux81_1b_6|s~13             ; out0             ;
; |uartDebug|uart:uart0|mux81_8b:mux81_8b0|mux81_1b:mux81_1b_6|s~14             ; |uartDebug|uart:uart0|mux81_8b:mux81_8b0|mux81_1b:mux81_1b_6|s~14             ; out0             ;
; |uartDebug|uart:uart0|mux81_8b:mux81_8b0|mux81_1b:mux81_1b_6|s~16             ; |uartDebug|uart:uart0|mux81_8b:mux81_8b0|mux81_1b:mux81_1b_6|s~16             ; out0             ;
; |uartDebug|uart:uart0|mux81_8b:mux81_8b0|mux81_1b:mux81_1b_6|s~17             ; |uartDebug|uart:uart0|mux81_8b:mux81_8b0|mux81_1b:mux81_1b_6|s~17             ; out0             ;
; |uartDebug|uart:uart0|mux81_8b:mux81_8b0|mux81_1b:mux81_1b_6|s~19             ; |uartDebug|uart:uart0|mux81_8b:mux81_8b0|mux81_1b:mux81_1b_6|s~19             ; out0             ;
; |uartDebug|uart:uart0|mux81_8b:mux81_8b0|mux81_1b:mux81_1b_5|s~0              ; |uartDebug|uart:uart0|mux81_8b:mux81_8b0|mux81_1b:mux81_1b_5|s~0              ; out0             ;
; |uartDebug|uart:uart0|mux81_8b:mux81_8b0|mux81_1b:mux81_1b_5|s~3              ; |uartDebug|uart:uart0|mux81_8b:mux81_8b0|mux81_1b:mux81_1b_5|s~3              ; out0             ;
; |uartDebug|uart:uart0|mux81_8b:mux81_8b0|mux81_1b:mux81_1b_5|s~6              ; |uartDebug|uart:uart0|mux81_8b:mux81_8b0|mux81_1b:mux81_1b_5|s~6              ; out0             ;
; |uartDebug|uart:uart0|mux81_8b:mux81_8b0|mux81_1b:mux81_1b_5|s~7              ; |uartDebug|uart:uart0|mux81_8b:mux81_8b0|mux81_1b:mux81_1b_5|s~7              ; out0             ;
; |uartDebug|uart:uart0|mux81_8b:mux81_8b0|mux81_1b:mux81_1b_5|s~9              ; |uartDebug|uart:uart0|mux81_8b:mux81_8b0|mux81_1b:mux81_1b_5|s~9              ; out0             ;
; |uartDebug|uart:uart0|mux81_8b:mux81_8b0|mux81_1b:mux81_1b_5|s~13             ; |uartDebug|uart:uart0|mux81_8b:mux81_8b0|mux81_1b:mux81_1b_5|s~13             ; out0             ;
; |uartDebug|uart:uart0|mux81_8b:mux81_8b0|mux81_1b:mux81_1b_5|s~14             ; |uartDebug|uart:uart0|mux81_8b:mux81_8b0|mux81_1b:mux81_1b_5|s~14             ; out0             ;
; |uartDebug|uart:uart0|mux81_8b:mux81_8b0|mux81_1b:mux81_1b_5|s~16             ; |uartDebug|uart:uart0|mux81_8b:mux81_8b0|mux81_1b:mux81_1b_5|s~16             ; out0             ;
; |uartDebug|uart:uart0|mux81_8b:mux81_8b0|mux81_1b:mux81_1b_4|s~0              ; |uartDebug|uart:uart0|mux81_8b:mux81_8b0|mux81_1b:mux81_1b_4|s~0              ; out0             ;
; |uartDebug|uart:uart0|mux81_8b:mux81_8b0|mux81_1b:mux81_1b_4|s~1              ; |uartDebug|uart:uart0|mux81_8b:mux81_8b0|mux81_1b:mux81_1b_4|s~1              ; out0             ;
; |uartDebug|uart:uart0|mux81_8b:mux81_8b0|mux81_1b:mux81_1b_4|s~3              ; |uartDebug|uart:uart0|mux81_8b:mux81_8b0|mux81_1b:mux81_1b_4|s~3              ; out0             ;
; |uartDebug|uart:uart0|mux81_8b:mux81_8b0|mux81_1b:mux81_1b_4|s~5              ; |uartDebug|uart:uart0|mux81_8b:mux81_8b0|mux81_1b:mux81_1b_4|s~5              ; out0             ;
; |uartDebug|uart:uart0|mux81_8b:mux81_8b0|mux81_1b:mux81_1b_4|s~13             ; |uartDebug|uart:uart0|mux81_8b:mux81_8b0|mux81_1b:mux81_1b_4|s~13             ; out0             ;
; |uartDebug|uart:uart0|mux81_8b:mux81_8b0|mux81_1b:mux81_1b_4|s~14             ; |uartDebug|uart:uart0|mux81_8b:mux81_8b0|mux81_1b:mux81_1b_4|s~14             ; out0             ;
; |uartDebug|uart:uart0|mux81_8b:mux81_8b0|mux81_1b:mux81_1b_4|s~16             ; |uartDebug|uart:uart0|mux81_8b:mux81_8b0|mux81_1b:mux81_1b_4|s~16             ; out0             ;
; |uartDebug|uart:uart0|mux81_8b:mux81_8b0|mux81_1b:mux81_1b_4|s~17             ; |uartDebug|uart:uart0|mux81_8b:mux81_8b0|mux81_1b:mux81_1b_4|s~17             ; out0             ;
; |uartDebug|uart:uart0|mux81_8b:mux81_8b0|mux81_1b:mux81_1b_4|s~19             ; |uartDebug|uart:uart0|mux81_8b:mux81_8b0|mux81_1b:mux81_1b_4|s~19             ; out0             ;
; |uartDebug|uart:uart0|mux81_8b:mux81_8b0|mux81_1b:mux81_1b_3|s~6              ; |uartDebug|uart:uart0|mux81_8b:mux81_8b0|mux81_1b:mux81_1b_3|s~6              ; out0             ;
; |uartDebug|uart:uart0|mux81_8b:mux81_8b0|mux81_1b:mux81_1b_3|s~7              ; |uartDebug|uart:uart0|mux81_8b:mux81_8b0|mux81_1b:mux81_1b_3|s~7              ; out0             ;
; |uartDebug|uart:uart0|mux81_8b:mux81_8b0|mux81_1b:mux81_1b_3|s~10             ; |uartDebug|uart:uart0|mux81_8b:mux81_8b0|mux81_1b:mux81_1b_3|s~10             ; out0             ;
; |uartDebug|uart:uart0|mux81_8b:mux81_8b0|mux81_1b:mux81_1b_3|s~12             ; |uartDebug|uart:uart0|mux81_8b:mux81_8b0|mux81_1b:mux81_1b_3|s~12             ; out0             ;
; |uartDebug|uart:uart0|mux81_8b:mux81_8b0|mux81_1b:mux81_1b_3|s~13             ; |uartDebug|uart:uart0|mux81_8b:mux81_8b0|mux81_1b:mux81_1b_3|s~13             ; out0             ;
; |uartDebug|uart:uart0|mux81_8b:mux81_8b0|mux81_1b:mux81_1b_3|s~17             ; |uartDebug|uart:uart0|mux81_8b:mux81_8b0|mux81_1b:mux81_1b_3|s~17             ; out0             ;
; |uartDebug|uart:uart0|mux81_8b:mux81_8b0|mux81_1b:mux81_1b_3|s~19             ; |uartDebug|uart:uart0|mux81_8b:mux81_8b0|mux81_1b:mux81_1b_3|s~19             ; out0             ;
; |uartDebug|uart:uart0|mux81_8b:mux81_8b0|mux81_1b:mux81_1b_3|s~20             ; |uartDebug|uart:uart0|mux81_8b:mux81_8b0|mux81_1b:mux81_1b_3|s~20             ; out0             ;
; |uartDebug|uart:uart0|mux81_8b:mux81_8b0|mux81_1b:mux81_1b_3|s~21             ; |uartDebug|uart:uart0|mux81_8b:mux81_8b0|mux81_1b:mux81_1b_3|s~21             ; out0             ;
; |uartDebug|uart:uart0|mux81_8b:mux81_8b0|mux81_1b:mux81_1b_3|s                ; |uartDebug|uart:uart0|mux81_8b:mux81_8b0|mux81_1b:mux81_1b_3|s                ; out0             ;
; |uartDebug|uart:uart0|mux81_8b:mux81_8b0|mux81_1b:mux81_1b_2|s~0              ; |uartDebug|uart:uart0|mux81_8b:mux81_8b0|mux81_1b:mux81_1b_2|s~0              ; out0             ;
; |uartDebug|uart:uart0|mux81_8b:mux81_8b0|mux81_1b:mux81_1b_2|s~3              ; |uartDebug|uart:uart0|mux81_8b:mux81_8b0|mux81_1b:mux81_1b_2|s~3              ; out0             ;
; |uartDebug|uart:uart0|mux81_8b:mux81_8b0|mux81_1b:mux81_1b_2|s~6              ; |uartDebug|uart:uart0|mux81_8b:mux81_8b0|mux81_1b:mux81_1b_2|s~6              ; out0             ;
; |uartDebug|uart:uart0|mux81_8b:mux81_8b0|mux81_1b:mux81_1b_2|s~10             ; |uartDebug|uart:uart0|mux81_8b:mux81_8b0|mux81_1b:mux81_1b_2|s~10             ; out0             ;
; |uartDebug|uart:uart0|mux81_8b:mux81_8b0|mux81_1b:mux81_1b_2|s~12             ; |uartDebug|uart:uart0|mux81_8b:mux81_8b0|mux81_1b:mux81_1b_2|s~12             ; out0             ;
; |uartDebug|uart:uart0|mux81_8b:mux81_8b0|mux81_1b:mux81_1b_2|s~13             ; |uartDebug|uart:uart0|mux81_8b:mux81_8b0|mux81_1b:mux81_1b_2|s~13             ; out0             ;
; |uartDebug|uart:uart0|mux81_8b:mux81_8b0|mux81_1b:mux81_1b_2|s~17             ; |uartDebug|uart:uart0|mux81_8b:mux81_8b0|mux81_1b:mux81_1b_2|s~17             ; out0             ;
; |uartDebug|uart:uart0|mux81_8b:mux81_8b0|mux81_1b:mux81_1b_2|s~19             ; |uartDebug|uart:uart0|mux81_8b:mux81_8b0|mux81_1b:mux81_1b_2|s~19             ; out0             ;
; |uartDebug|uart:uart0|mux81_8b:mux81_8b0|mux81_1b:mux81_1b_1|s~0              ; |uartDebug|uart:uart0|mux81_8b:mux81_8b0|mux81_1b:mux81_1b_1|s~0              ; out0             ;
; |uartDebug|uart:uart0|mux81_8b:mux81_8b0|mux81_1b:mux81_1b_1|s~3              ; |uartDebug|uart:uart0|mux81_8b:mux81_8b0|mux81_1b:mux81_1b_1|s~3              ; out0             ;
; |uartDebug|uart:uart0|mux81_8b:mux81_8b0|mux81_1b:mux81_1b_1|s~6              ; |uartDebug|uart:uart0|mux81_8b:mux81_8b0|mux81_1b:mux81_1b_1|s~6              ; out0             ;
; |uartDebug|uart:uart0|mux81_8b:mux81_8b0|mux81_1b:mux81_1b_1|s~7              ; |uartDebug|uart:uart0|mux81_8b:mux81_8b0|mux81_1b:mux81_1b_1|s~7              ; out0             ;
; |uartDebug|uart:uart0|mux81_8b:mux81_8b0|mux81_1b:mux81_1b_1|s~9              ; |uartDebug|uart:uart0|mux81_8b:mux81_8b0|mux81_1b:mux81_1b_1|s~9              ; out0             ;
; |uartDebug|uart:uart0|mux81_8b:mux81_8b0|mux81_1b:mux81_1b_1|s~13             ; |uartDebug|uart:uart0|mux81_8b:mux81_8b0|mux81_1b:mux81_1b_1|s~13             ; out0             ;
; |uartDebug|uart:uart0|mux81_8b:mux81_8b0|mux81_1b:mux81_1b_1|s~14             ; |uartDebug|uart:uart0|mux81_8b:mux81_8b0|mux81_1b:mux81_1b_1|s~14             ; out0             ;
; |uartDebug|uart:uart0|mux81_8b:mux81_8b0|mux81_1b:mux81_1b_1|s~16             ; |uartDebug|uart:uart0|mux81_8b:mux81_8b0|mux81_1b:mux81_1b_1|s~16             ; out0             ;
; |uartDebug|uart:uart0|mux81_8b:mux81_8b0|mux81_1b:mux81_1b_1|s~17             ; |uartDebug|uart:uart0|mux81_8b:mux81_8b0|mux81_1b:mux81_1b_1|s~17             ; out0             ;
; |uartDebug|uart:uart0|mux81_8b:mux81_8b0|mux81_1b:mux81_1b_1|s~19             ; |uartDebug|uart:uart0|mux81_8b:mux81_8b0|mux81_1b:mux81_1b_1|s~19             ; out0             ;
; |uartDebug|uart:uart0|mux81_8b:mux81_8b0|mux81_1b:mux81_1b_1|s~20             ; |uartDebug|uart:uart0|mux81_8b:mux81_8b0|mux81_1b:mux81_1b_1|s~20             ; out0             ;
; |uartDebug|uart:uart0|mux81_8b:mux81_8b0|mux81_1b:mux81_1b_1|s~21             ; |uartDebug|uart:uart0|mux81_8b:mux81_8b0|mux81_1b:mux81_1b_1|s~21             ; out0             ;
; |uartDebug|uart:uart0|mux81_8b:mux81_8b0|mux81_1b:mux81_1b_1|s                ; |uartDebug|uart:uart0|mux81_8b:mux81_8b0|mux81_1b:mux81_1b_1|s                ; out0             ;
; |uartDebug|uart:uart0|mux81_8b:mux81_8b0|mux81_1b:mux81_1b_0|s~13             ; |uartDebug|uart:uart0|mux81_8b:mux81_8b0|mux81_1b:mux81_1b_0|s~13             ; out0             ;
; |uartDebug|uart:uart0|mux81_8b:mux81_8b0|mux81_1b:mux81_1b_0|s~17             ; |uartDebug|uart:uart0|mux81_8b:mux81_8b0|mux81_1b:mux81_1b_0|s~17             ; out0             ;
; |uartDebug|controlUart:controlUart0|clk_div:clk_div1|LessThan0~0              ; |uartDebug|controlUart:controlUart0|clk_div:clk_div1|LessThan0~0              ; out0             ;
; |uartDebug|controlUart:controlUart0|clk_div:clk_div1|LessThan0~1              ; |uartDebug|controlUart:controlUart0|clk_div:clk_div1|LessThan0~1              ; out0             ;
; |uartDebug|controlUart:controlUart0|clk_div:clk_div1|LessThan0~3              ; |uartDebug|controlUart:controlUart0|clk_div:clk_div1|LessThan0~3              ; out0             ;
; |uartDebug|controlUart:controlUart0|clk_div:clk_div1|LessThan1~0              ; |uartDebug|controlUart:controlUart0|clk_div:clk_div1|LessThan1~0              ; out0             ;
; |uartDebug|controlUart:controlUart0|clk_div:clk_div1|LessThan1~1              ; |uartDebug|controlUart:controlUart0|clk_div:clk_div1|LessThan1~1              ; out0             ;
; |uartDebug|controlUart:controlUart0|clk_div:clk_div1|LessThan1~2              ; |uartDebug|controlUart:controlUart0|clk_div:clk_div1|LessThan1~2              ; out0             ;
; |uartDebug|controlUart:controlUart0|clk_div:clk_div1|LessThan1~3              ; |uartDebug|controlUart:controlUart0|clk_div:clk_div1|LessThan1~3              ; out0             ;
; |uartDebug|controlUart:controlUart0|clk_div:clk_div1|LessThan1~4              ; |uartDebug|controlUart:controlUart0|clk_div:clk_div1|LessThan1~4              ; out0             ;
; |uartDebug|controlUart:controlUart0|clk_div:clk_div0|LessThan0~0              ; |uartDebug|controlUart:controlUart0|clk_div:clk_div0|LessThan0~0              ; out0             ;
; |uartDebug|controlUart:controlUart0|clk_div:clk_div0|LessThan0~1              ; |uartDebug|controlUart:controlUart0|clk_div:clk_div0|LessThan0~1              ; out0             ;
; |uartDebug|controlUart:controlUart0|clk_div:clk_div0|LessThan0~2              ; |uartDebug|controlUart:controlUart0|clk_div:clk_div0|LessThan0~2              ; out0             ;
; |uartDebug|controlUart:controlUart0|clk_div:clk_div0|LessThan0~3              ; |uartDebug|controlUart:controlUart0|clk_div:clk_div0|LessThan0~3              ; out0             ;
; |uartDebug|controlUart:controlUart0|clk_div:clk_div0|LessThan1~0              ; |uartDebug|controlUart:controlUart0|clk_div:clk_div0|LessThan1~0              ; out0             ;
; |uartDebug|controlUart:controlUart0|clk_div:clk_div0|LessThan1~1              ; |uartDebug|controlUart:controlUart0|clk_div:clk_div0|LessThan1~1              ; out0             ;
; |uartDebug|controlUart:controlUart0|clk_div:clk_div0|LessThan1~2              ; |uartDebug|controlUart:controlUart0|clk_div:clk_div0|LessThan1~2              ; out0             ;
; |uartDebug|controlUart:controlUart0|clk_div:clk_div0|LessThan1~3              ; |uartDebug|controlUart:controlUart0|clk_div:clk_div0|LessThan1~3              ; out0             ;
; |uartDebug|controlUart:controlUart0|clk_div:clk_div0|LessThan1~4              ; |uartDebug|controlUart:controlUart0|clk_div:clk_div0|LessThan1~4              ; out0             ;
; |uartDebug|controlUart:controlUart0|clk_div:clk_div1|Add0~0                   ; |uartDebug|controlUart:controlUart0|clk_div:clk_div1|Add0~0                   ; out0             ;
; |uartDebug|controlUart:controlUart0|clk_div:clk_div1|Add0~1                   ; |uartDebug|controlUart:controlUart0|clk_div:clk_div1|Add0~1                   ; out0             ;
; |uartDebug|controlUart:controlUart0|clk_div:clk_div1|Add0~2                   ; |uartDebug|controlUart:controlUart0|clk_div:clk_div1|Add0~2                   ; out0             ;
; |uartDebug|controlUart:controlUart0|clk_div:clk_div1|Add0~3                   ; |uartDebug|controlUart:controlUart0|clk_div:clk_div1|Add0~3                   ; out0             ;
; |uartDebug|controlUart:controlUart0|clk_div:clk_div0|Add0~0                   ; |uartDebug|controlUart:controlUart0|clk_div:clk_div0|Add0~0                   ; out0             ;
; |uartDebug|controlUart:controlUart0|clk_div:clk_div0|Add0~1                   ; |uartDebug|controlUart:controlUart0|clk_div:clk_div0|Add0~1                   ; out0             ;
; |uartDebug|controlUart:controlUart0|clk_div:clk_div0|Add0~2                   ; |uartDebug|controlUart:controlUart0|clk_div:clk_div0|Add0~2                   ; out0             ;
; |uartDebug|controlUart:controlUart0|clk_div:clk_div0|Add0~3                   ; |uartDebug|controlUart:controlUart0|clk_div:clk_div0|Add0~3                   ; out0             ;
; |uartDebug|controlUart:controlUart0|clk_div:clk_div0|Add0~4                   ; |uartDebug|controlUart:controlUart0|clk_div:clk_div0|Add0~4                   ; out0             ;
+-------------------------------------------------------------------------------+-------------------------------------------------------------------------------+------------------+


The following table displays output ports that do not toggle to 1 during simulation.
+----------------------------------------------------------------------------------------------------------------------------------------------------------------------------------------------------------------------------------------------------------------+
; Missing 1-Value Coverage                                                                                                                                                                                                                                       ;
+----------------------------------------------------------------------------------------------------------------------+----------------------------------------------------------------------------------------------------------------------+------------------+
; Node Name                                                                                                            ; Output Port Name                                                                                                     ; Output Port Type ;
+----------------------------------------------------------------------------------------------------------------------+----------------------------------------------------------------------------------------------------------------------+------------------+
; |uartDebug|Greset                                                                                                    ; |uartDebug|Greset                                                                                                    ; out              ;
; |uartDebug|sscs                                                                                                      ; |uartDebug|sscs                                                                                                      ; out              ;
; |uartDebug|mscMax[0]                                                                                                 ; |uartDebug|mscMax[0]                                                                                                 ; out              ;
; |uartDebug|mscMax[1]                                                                                                 ; |uartDebug|mscMax[1]                                                                                                 ; out              ;
; |uartDebug|mscMax[2]                                                                                                 ; |uartDebug|mscMax[2]                                                                                                 ; out              ;
; |uartDebug|mscMax[3]                                                                                                 ; |uartDebug|mscMax[3]                                                                                                 ; out              ;
; |uartDebug|sscMax[0]                                                                                                 ; |uartDebug|sscMax[0]                                                                                                 ; out              ;
; |uartDebug|sscMax[1]                                                                                                 ; |uartDebug|sscMax[1]                                                                                                 ; out              ;
; |uartDebug|sscMax[2]                                                                                                 ; |uartDebug|sscMax[2]                                                                                                 ; out              ;
; |uartDebug|sscMax[3]                                                                                                 ; |uartDebug|sscMax[3]                                                                                                 ; out              ;
; |uartDebug|mstl[0]                                                                                                   ; |uartDebug|mstl[0]                                                                                                   ; pin_out          ;
; |uartDebug|mstl[1]                                                                                                   ; |uartDebug|mstl[1]                                                                                                   ; pin_out          ;
; |uartDebug|mstl[2]                                                                                                   ; |uartDebug|mstl[2]                                                                                                   ; pin_out          ;
; |uartDebug|sstl[0]                                                                                                   ; |uartDebug|sstl[0]                                                                                                   ; pin_out          ;
; |uartDebug|sstl[1]                                                                                                   ; |uartDebug|sstl[1]                                                                                                   ; pin_out          ;
; |uartDebug|sstl[2]                                                                                                   ; |uartDebug|sstl[2]                                                                                                   ; pin_out          ;
; |uartDebug|controlUart:controlUart0|i1Sig~0                                                                          ; |uartDebug|controlUart:controlUart0|i1Sig~0                                                                          ; out0             ;
; |uartDebug|controlUart:controlUart0|i1Sig~1                                                                          ; |uartDebug|controlUart:controlUart0|i1Sig~1                                                                          ; out0             ;
; |uartDebug|controlUart:controlUart0|i1Sig                                                                            ; |uartDebug|controlUart:controlUart0|i1Sig                                                                            ; out0             ;
; |uartDebug|controlUart:controlUart0|i2Sig~0                                                                          ; |uartDebug|controlUart:controlUart0|i2Sig~0                                                                          ; out0             ;
; |uartDebug|controlUart:controlUart0|i2Sig~1                                                                          ; |uartDebug|controlUart:controlUart0|i2Sig~1                                                                          ; out0             ;
; |uartDebug|controlUart:controlUart0|i2Sig                                                                            ; |uartDebug|controlUart:controlUart0|i2Sig                                                                            ; out0             ;
; |uartDebug|controlUart:controlUart0|iPLSig[0]                                                                        ; |uartDebug|controlUart:controlUart0|iPLSig[0]                                                                        ; out0             ;
; |uartDebug|controlUart:controlUart0|iPLSig[1]                                                                        ; |uartDebug|controlUart:controlUart0|iPLSig[1]                                                                        ; out0             ;
; |uartDebug|controlUart:controlUart0|selMux8b0Sig[1]                                                                  ; |uartDebug|controlUart:controlUart0|selMux8b0Sig[1]                                                                  ; out0             ;
; |uartDebug|controlUart:controlUart0|selMux8b1Sig~0                                                                   ; |uartDebug|controlUart:controlUart0|selMux8b1Sig~0                                                                   ; out0             ;
; |uartDebug|controlUart:controlUart0|selMux8b1Sig[1]                                                                  ; |uartDebug|controlUart:controlUart0|selMux8b1Sig[1]                                                                  ; out0             ;
; |uartDebug|controlUart:controlUart0|selMux8b2Sig~1                                                                   ; |uartDebug|controlUart:controlUart0|selMux8b2Sig~1                                                                   ; out0             ;
; |uartDebug|controlUart:controlUart0|selMux8b2Sig[1]                                                                  ; |uartDebug|controlUart:controlUart0|selMux8b2Sig[1]                                                                  ; out0             ;
; |uartDebug|controlUart:controlUart0|PjLrStateSig~0                                                                   ; |uartDebug|controlUart:controlUart0|PjLrStateSig~0                                                                   ; out0             ;
; |uartDebug|controlUart:controlUart0|PjLrStateSig[1]                                                                  ; |uartDebug|controlUart:controlUart0|PjLrStateSig[1]                                                                  ; out0             ;
; |uartDebug|controlUart:controlUart0|PjLrStateSig[2]                                                                  ; |uartDebug|controlUart:controlUart0|PjLrStateSig[2]                                                                  ; out0             ;
; |uartDebug|controlUart:controlUart0|PjLrStateSig~1                                                                   ; |uartDebug|controlUart:controlUart0|PjLrStateSig~1                                                                   ; out0             ;
; |uartDebug|controlUart:controlUart0|PjLrStateSig[3]                                                                  ; |uartDebug|controlUart:controlUart0|PjLrStateSig[3]                                                                  ; out0             ;
; |uartDebug|controlUart:controlUart0|PjLrStateSig~2                                                                   ; |uartDebug|controlUart:controlUart0|PjLrStateSig~2                                                                   ; out0             ;
; |uartDebug|controlUart:controlUart0|PjLrStateSig[4]                                                                  ; |uartDebug|controlUart:controlUart0|PjLrStateSig[4]                                                                  ; out0             ;
; |uartDebug|controlUart:controlUart0|PjLrStateSig~3                                                                   ; |uartDebug|controlUart:controlUart0|PjLrStateSig~3                                                                   ; out0             ;
; |uartDebug|controlUart:controlUart0|PjLrStateSig[5]                                                                  ; |uartDebug|controlUart:controlUart0|PjLrStateSig[5]                                                                  ; out0             ;
; |uartDebug|controlUart:controlUart0|PjLrStateSig~4                                                                   ; |uartDebug|controlUart:controlUart0|PjLrStateSig~4                                                                   ; out0             ;
; |uartDebug|controlUart:controlUart0|PjLrStateSig[6]                                                                  ; |uartDebug|controlUart:controlUart0|PjLrStateSig[6]                                                                  ; out0             ;
; |uartDebug|controlUart:controlUart0|iPLSig[2]                                                                        ; |uartDebug|controlUart:controlUart0|iPLSig[2]                                                                        ; out0             ;
; |uartDebug|controlUart:controlUart0|PrLvStateSig~0                                                                   ; |uartDebug|controlUart:controlUart0|PrLvStateSig~0                                                                   ; out0             ;
; |uartDebug|controlUart:controlUart0|PrLvStateSig[1]                                                                  ; |uartDebug|controlUart:controlUart0|PrLvStateSig[1]                                                                  ; out0             ;
; |uartDebug|controlUart:controlUart0|PrLvStateSig~1                                                                   ; |uartDebug|controlUart:controlUart0|PrLvStateSig~1                                                                   ; out0             ;
; |uartDebug|controlUart:controlUart0|PrLvStateSig[2]                                                                  ; |uartDebug|controlUart:controlUart0|PrLvStateSig[2]                                                                  ; out0             ;
; |uartDebug|controlUart:controlUart0|PrLvStateSig~2                                                                   ; |uartDebug|controlUart:controlUart0|PrLvStateSig~2                                                                   ; out0             ;
; |uartDebug|controlUart:controlUart0|PrLvStateSig[3]                                                                  ; |uartDebug|controlUart:controlUart0|PrLvStateSig[3]                                                                  ; out0             ;
; |uartDebug|controlUart:controlUart0|PrLvStateSig~3                                                                   ; |uartDebug|controlUart:controlUart0|PrLvStateSig~3                                                                   ; out0             ;
; |uartDebug|controlUart:controlUart0|PrLvStateSig[4]                                                                  ; |uartDebug|controlUart:controlUart0|PrLvStateSig[4]                                                                  ; out0             ;
; |uartDebug|controlUart:controlUart0|PrLvStateSig~4                                                                   ; |uartDebug|controlUart:controlUart0|PrLvStateSig~4                                                                   ; out0             ;
; |uartDebug|controlUart:controlUart0|PrLvStateSig[5]                                                                  ; |uartDebug|controlUart:controlUart0|PrLvStateSig[5]                                                                  ; out0             ;
; |uartDebug|controlUart:controlUart0|PrLvStateSig[6]                                                                  ; |uartDebug|controlUart:controlUart0|PrLvStateSig[6]                                                                  ; out0             ;
; |uartDebug|controlUart:controlUart0|selMux8b0Sig~1                                                                   ; |uartDebug|controlUart:controlUart0|selMux8b0Sig~1                                                                   ; out0             ;
; |uartDebug|controlUart:controlUart0|selMux8b0Sig[2]                                                                  ; |uartDebug|controlUart:controlUart0|selMux8b0Sig[2]                                                                  ; out0             ;
; |uartDebug|controlUart:controlUart0|selMux8b1Sig[2]                                                                  ; |uartDebug|controlUart:controlUart0|selMux8b1Sig[2]                                                                  ; out0             ;
; |uartDebug|controlUart:controlUart0|selMux8b2Sig~2                                                                   ; |uartDebug|controlUart:controlUart0|selMux8b2Sig~2                                                                   ; out0             ;
; |uartDebug|controlUart:controlUart0|selMux8b2Sig[2]                                                                  ; |uartDebug|controlUart:controlUart0|selMux8b2Sig[2]                                                                  ; out0             ;
; |uartDebug|controlUart:controlUart0|iPLSig[3]                                                                        ; |uartDebug|controlUart:controlUart0|iPLSig[3]                                                                        ; out0             ;
; |uartDebug|controlUart:controlUart0|selMux8b0Sig[3]                                                                  ; |uartDebug|controlUart:controlUart0|selMux8b0Sig[3]                                                                  ; out0             ;
; |uartDebug|controlUart:controlUart0|selMux8b1Sig~1                                                                   ; |uartDebug|controlUart:controlUart0|selMux8b1Sig~1                                                                   ; out0             ;
; |uartDebug|controlUart:controlUart0|selMux8b1Sig[3]                                                                  ; |uartDebug|controlUart:controlUart0|selMux8b1Sig[3]                                                                  ; out0             ;
; |uartDebug|controlUart:controlUart0|selMux8b2Sig~3                                                                   ; |uartDebug|controlUart:controlUart0|selMux8b2Sig~3                                                                   ; out0             ;
; |uartDebug|controlUart:controlUart0|selMux8b2Sig[3]                                                                  ; |uartDebug|controlUart:controlUart0|selMux8b2Sig[3]                                                                  ; out0             ;
; |uartDebug|controlUart:controlUart0|PrLjStateSig~0                                                                   ; |uartDebug|controlUart:controlUart0|PrLjStateSig~0                                                                   ; out0             ;
; |uartDebug|controlUart:controlUart0|PrLjStateSig[1]                                                                  ; |uartDebug|controlUart:controlUart0|PrLjStateSig[1]                                                                  ; out0             ;
; |uartDebug|controlUart:controlUart0|PrLjStateSig[2]                                                                  ; |uartDebug|controlUart:controlUart0|PrLjStateSig[2]                                                                  ; out0             ;
; |uartDebug|controlUart:controlUart0|PrLjStateSig~1                                                                   ; |uartDebug|controlUart:controlUart0|PrLjStateSig~1                                                                   ; out0             ;
; |uartDebug|controlUart:controlUart0|PrLjStateSig[3]                                                                  ; |uartDebug|controlUart:controlUart0|PrLjStateSig[3]                                                                  ; out0             ;
; |uartDebug|controlUart:controlUart0|PrLjStateSig~2                                                                   ; |uartDebug|controlUart:controlUart0|PrLjStateSig~2                                                                   ; out0             ;
; |uartDebug|controlUart:controlUart0|PrLjStateSig[4]                                                                  ; |uartDebug|controlUart:controlUart0|PrLjStateSig[4]                                                                  ; out0             ;
; |uartDebug|controlUart:controlUart0|PrLjStateSig~3                                                                   ; |uartDebug|controlUart:controlUart0|PrLjStateSig~3                                                                   ; out0             ;
; |uartDebug|controlUart:controlUart0|PrLjStateSig[5]                                                                  ; |uartDebug|controlUart:controlUart0|PrLjStateSig[5]                                                                  ; out0             ;
; |uartDebug|controlUart:controlUart0|PrLjStateSig[6]                                                                  ; |uartDebug|controlUart:controlUart0|PrLjStateSig[6]                                                                  ; out0             ;
; |uartDebug|controlUart:controlUart0|rst:rstPrLj5|input~0                                                             ; |uartDebug|controlUart:controlUart0|rst:rstPrLj5|input~0                                                             ; out0             ;
; |uartDebug|controlUart:controlUart0|rst:rstPrLj5|input~1                                                             ; |uartDebug|controlUart:controlUart0|rst:rstPrLj5|input~1                                                             ; out0             ;
; |uartDebug|controlUart:controlUart0|rst:rstPrLj5|input~2                                                             ; |uartDebug|controlUart:controlUart0|rst:rstPrLj5|input~2                                                             ; out0             ;
; |uartDebug|controlUart:controlUart0|rst:rstPrLj5|input~3                                                             ; |uartDebug|controlUart:controlUart0|rst:rstPrLj5|input~3                                                             ; out0             ;
; |uartDebug|controlUart:controlUart0|rst:rstPrLj5|input                                                               ; |uartDebug|controlUart:controlUart0|rst:rstPrLj5|input                                                               ; out0             ;
; |uartDebug|controlUart:controlUart0|rst:rstPrLj5|bascDReset:bascDReset0|int_q                                        ; |uartDebug|controlUart:controlUart0|rst:rstPrLj5|bascDReset:bascDReset0|int_q                                        ; regout           ;
; |uartDebug|controlUart:controlUart0|rst:rstPrLj4|input~0                                                             ; |uartDebug|controlUart:controlUart0|rst:rstPrLj4|input~0                                                             ; out0             ;
; |uartDebug|controlUart:controlUart0|rst:rstPrLj4|input~1                                                             ; |uartDebug|controlUart:controlUart0|rst:rstPrLj4|input~1                                                             ; out0             ;
; |uartDebug|controlUart:controlUart0|rst:rstPrLj4|input~2                                                             ; |uartDebug|controlUart:controlUart0|rst:rstPrLj4|input~2                                                             ; out0             ;
; |uartDebug|controlUart:controlUart0|rst:rstPrLj4|input~3                                                             ; |uartDebug|controlUart:controlUart0|rst:rstPrLj4|input~3                                                             ; out0             ;
; |uartDebug|controlUart:controlUart0|rst:rstPrLj4|input                                                               ; |uartDebug|controlUart:controlUart0|rst:rstPrLj4|input                                                               ; out0             ;
; |uartDebug|controlUart:controlUart0|rst:rstPrLj4|bascDReset:bascDReset0|int_q                                        ; |uartDebug|controlUart:controlUart0|rst:rstPrLj4|bascDReset:bascDReset0|int_q                                        ; regout           ;
; |uartDebug|controlUart:controlUart0|rst:rstPrLj3|input~0                                                             ; |uartDebug|controlUart:controlUart0|rst:rstPrLj3|input~0                                                             ; out0             ;
; |uartDebug|controlUart:controlUart0|rst:rstPrLj3|input~1                                                             ; |uartDebug|controlUart:controlUart0|rst:rstPrLj3|input~1                                                             ; out0             ;
; |uartDebug|controlUart:controlUart0|rst:rstPrLj3|input~2                                                             ; |uartDebug|controlUart:controlUart0|rst:rstPrLj3|input~2                                                             ; out0             ;
; |uartDebug|controlUart:controlUart0|rst:rstPrLj3|input~3                                                             ; |uartDebug|controlUart:controlUart0|rst:rstPrLj3|input~3                                                             ; out0             ;
; |uartDebug|controlUart:controlUart0|rst:rstPrLj3|input                                                               ; |uartDebug|controlUart:controlUart0|rst:rstPrLj3|input                                                               ; out0             ;
; |uartDebug|controlUart:controlUart0|rst:rstPrLj3|bascDReset:bascDReset0|int_q                                        ; |uartDebug|controlUart:controlUart0|rst:rstPrLj3|bascDReset:bascDReset0|int_q                                        ; regout           ;
; |uartDebug|controlUart:controlUart0|rst:rstPrLj2|input~0                                                             ; |uartDebug|controlUart:controlUart0|rst:rstPrLj2|input~0                                                             ; out0             ;
; |uartDebug|controlUart:controlUart0|rst:rstPrLj2|input~1                                                             ; |uartDebug|controlUart:controlUart0|rst:rstPrLj2|input~1                                                             ; out0             ;
; |uartDebug|controlUart:controlUart0|rst:rstPrLj2|input~2                                                             ; |uartDebug|controlUart:controlUart0|rst:rstPrLj2|input~2                                                             ; out0             ;
; |uartDebug|controlUart:controlUart0|rst:rstPrLj2|input~3                                                             ; |uartDebug|controlUart:controlUart0|rst:rstPrLj2|input~3                                                             ; out0             ;
; |uartDebug|controlUart:controlUart0|rst:rstPrLj2|input                                                               ; |uartDebug|controlUart:controlUart0|rst:rstPrLj2|input                                                               ; out0             ;
; |uartDebug|controlUart:controlUart0|rst:rstPrLj2|bascDReset:bascDReset0|int_q                                        ; |uartDebug|controlUart:controlUart0|rst:rstPrLj2|bascDReset:bascDReset0|int_q                                        ; regout           ;
; |uartDebug|controlUart:controlUart0|rst:rstPrLj1|input~0                                                             ; |uartDebug|controlUart:controlUart0|rst:rstPrLj1|input~0                                                             ; out0             ;
; |uartDebug|controlUart:controlUart0|rst:rstPrLj1|input~1                                                             ; |uartDebug|controlUart:controlUart0|rst:rstPrLj1|input~1                                                             ; out0             ;
; |uartDebug|controlUart:controlUart0|rst:rstPrLj1|input~2                                                             ; |uartDebug|controlUart:controlUart0|rst:rstPrLj1|input~2                                                             ; out0             ;
; |uartDebug|controlUart:controlUart0|rst:rstPrLj1|input~3                                                             ; |uartDebug|controlUart:controlUart0|rst:rstPrLj1|input~3                                                             ; out0             ;
; |uartDebug|controlUart:controlUart0|rst:rstPrLj1|input                                                               ; |uartDebug|controlUart:controlUart0|rst:rstPrLj1|input                                                               ; out0             ;
; |uartDebug|controlUart:controlUart0|rst:rstPrLj1|bascDReset:bascDReset0|int_q                                        ; |uartDebug|controlUart:controlUart0|rst:rstPrLj1|bascDReset:bascDReset0|int_q                                        ; regout           ;
; |uartDebug|controlUart:controlUart0|rst:rstPrLj0|input~0                                                             ; |uartDebug|controlUart:controlUart0|rst:rstPrLj0|input~0                                                             ; out0             ;
; |uartDebug|controlUart:controlUart0|rst:rstPrLj0|input~1                                                             ; |uartDebug|controlUart:controlUart0|rst:rstPrLj0|input~1                                                             ; out0             ;
; |uartDebug|controlUart:controlUart0|rst:rstPrLj0|input~2                                                             ; |uartDebug|controlUart:controlUart0|rst:rstPrLj0|input~2                                                             ; out0             ;
; |uartDebug|controlUart:controlUart0|rst:rstPrLj0|input~3                                                             ; |uartDebug|controlUart:controlUart0|rst:rstPrLj0|input~3                                                             ; out0             ;
; |uartDebug|controlUart:controlUart0|rst:rstPrLj0|input                                                               ; |uartDebug|controlUart:controlUart0|rst:rstPrLj0|input                                                               ; out0             ;
; |uartDebug|controlUart:controlUart0|rst:rstPrLj0|bascDReset:bascDReset0|int_q                                        ; |uartDebug|controlUart:controlUart0|rst:rstPrLj0|bascDReset:bascDReset0|int_q                                        ; regout           ;
; |uartDebug|controlUart:controlUart0|PL:PrLj|input~0                                                                  ; |uartDebug|controlUart:controlUart0|PL:PrLj|input~0                                                                  ; out0             ;
; |uartDebug|controlUart:controlUart0|PL:PrLj|input~1                                                                  ; |uartDebug|controlUart:controlUart0|PL:PrLj|input~1                                                                  ; out0             ;
; |uartDebug|controlUart:controlUart0|PL:PrLj|input~2                                                                  ; |uartDebug|controlUart:controlUart0|PL:PrLj|input~2                                                                  ; out0             ;
; |uartDebug|controlUart:controlUart0|PL:PrLj|input~3                                                                  ; |uartDebug|controlUart:controlUart0|PL:PrLj|input~3                                                                  ; out0             ;
; |uartDebug|controlUart:controlUart0|PL:PrLj|input~4                                                                  ; |uartDebug|controlUart:controlUart0|PL:PrLj|input~4                                                                  ; out0             ;
; |uartDebug|controlUart:controlUart0|PL:PrLj|input~5                                                                  ; |uartDebug|controlUart:controlUart0|PL:PrLj|input~5                                                                  ; out0             ;
; |uartDebug|controlUart:controlUart0|PL:PrLj|input~6                                                                  ; |uartDebug|controlUart:controlUart0|PL:PrLj|input~6                                                                  ; out0             ;
; |uartDebug|controlUart:controlUart0|PL:PrLj|input[0]                                                                 ; |uartDebug|controlUart:controlUart0|PL:PrLj|input[0]                                                                 ; out0             ;
; |uartDebug|controlUart:controlUart0|PL:PrLj|input~7                                                                  ; |uartDebug|controlUart:controlUart0|PL:PrLj|input~7                                                                  ; out0             ;
; |uartDebug|controlUart:controlUart0|PL:PrLj|input~8                                                                  ; |uartDebug|controlUart:controlUart0|PL:PrLj|input~8                                                                  ; out0             ;
; |uartDebug|controlUart:controlUart0|PL:PrLj|input~9                                                                  ; |uartDebug|controlUart:controlUart0|PL:PrLj|input~9                                                                  ; out0             ;
; |uartDebug|controlUart:controlUart0|PL:PrLj|input~10                                                                 ; |uartDebug|controlUart:controlUart0|PL:PrLj|input~10                                                                 ; out0             ;
; |uartDebug|controlUart:controlUart0|PL:PrLj|input~11                                                                 ; |uartDebug|controlUart:controlUart0|PL:PrLj|input~11                                                                 ; out0             ;
; |uartDebug|controlUart:controlUart0|PL:PrLj|input[1]                                                                 ; |uartDebug|controlUart:controlUart0|PL:PrLj|input[1]                                                                 ; out0             ;
; |uartDebug|controlUart:controlUart0|PL:PrLj|input~12                                                                 ; |uartDebug|controlUart:controlUart0|PL:PrLj|input~12                                                                 ; out0             ;
; |uartDebug|controlUart:controlUart0|PL:PrLj|input~13                                                                 ; |uartDebug|controlUart:controlUart0|PL:PrLj|input~13                                                                 ; out0             ;
; |uartDebug|controlUart:controlUart0|PL:PrLj|input~14                                                                 ; |uartDebug|controlUart:controlUart0|PL:PrLj|input~14                                                                 ; out0             ;
; |uartDebug|controlUart:controlUart0|PL:PrLj|input~15                                                                 ; |uartDebug|controlUart:controlUart0|PL:PrLj|input~15                                                                 ; out0             ;
; |uartDebug|controlUart:controlUart0|PL:PrLj|input~16                                                                 ; |uartDebug|controlUart:controlUart0|PL:PrLj|input~16                                                                 ; out0             ;
; |uartDebug|controlUart:controlUart0|PL:PrLj|input~17                                                                 ; |uartDebug|controlUart:controlUart0|PL:PrLj|input~17                                                                 ; out0             ;
; |uartDebug|controlUart:controlUart0|PL:PrLj|input~18                                                                 ; |uartDebug|controlUart:controlUart0|PL:PrLj|input~18                                                                 ; out0             ;
; |uartDebug|controlUart:controlUart0|PL:PrLj|input[2]                                                                 ; |uartDebug|controlUart:controlUart0|PL:PrLj|input[2]                                                                 ; out0             ;
; |uartDebug|controlUart:controlUart0|PL:PrLj|bascDReset:bascDReset2|int_q                                             ; |uartDebug|controlUart:controlUart0|PL:PrLj|bascDReset:bascDReset2|int_q                                             ; regout           ;
; |uartDebug|controlUart:controlUart0|PL:PrLj|bascDReset:bascDReset1|int_q                                             ; |uartDebug|controlUart:controlUart0|PL:PrLj|bascDReset:bascDReset1|int_q                                             ; regout           ;
; |uartDebug|controlUart:controlUart0|PL:PrLj|bascDReset:bascDReset0|int_q                                             ; |uartDebug|controlUart:controlUart0|PL:PrLj|bascDReset:bascDReset0|int_q                                             ; regout           ;
; |uartDebug|controlUart:controlUart0|rst:rstPrLv5|input~0                                                             ; |uartDebug|controlUart:controlUart0|rst:rstPrLv5|input~0                                                             ; out0             ;
; |uartDebug|controlUart:controlUart0|rst:rstPrLv5|input~1                                                             ; |uartDebug|controlUart:controlUart0|rst:rstPrLv5|input~1                                                             ; out0             ;
; |uartDebug|controlUart:controlUart0|rst:rstPrLv5|input~2                                                             ; |uartDebug|controlUart:controlUart0|rst:rstPrLv5|input~2                                                             ; out0             ;
; |uartDebug|controlUart:controlUart0|rst:rstPrLv5|input~3                                                             ; |uartDebug|controlUart:controlUart0|rst:rstPrLv5|input~3                                                             ; out0             ;
; |uartDebug|controlUart:controlUart0|rst:rstPrLv5|input                                                               ; |uartDebug|controlUart:controlUart0|rst:rstPrLv5|input                                                               ; out0             ;
; |uartDebug|controlUart:controlUart0|rst:rstPrLv5|bascDReset:bascDReset0|int_q                                        ; |uartDebug|controlUart:controlUart0|rst:rstPrLv5|bascDReset:bascDReset0|int_q                                        ; regout           ;
; |uartDebug|controlUart:controlUart0|rst:rstPrLv4|input~0                                                             ; |uartDebug|controlUart:controlUart0|rst:rstPrLv4|input~0                                                             ; out0             ;
; |uartDebug|controlUart:controlUart0|rst:rstPrLv4|input~1                                                             ; |uartDebug|controlUart:controlUart0|rst:rstPrLv4|input~1                                                             ; out0             ;
; |uartDebug|controlUart:controlUart0|rst:rstPrLv4|input~2                                                             ; |uartDebug|controlUart:controlUart0|rst:rstPrLv4|input~2                                                             ; out0             ;
; |uartDebug|controlUart:controlUart0|rst:rstPrLv4|input~3                                                             ; |uartDebug|controlUart:controlUart0|rst:rstPrLv4|input~3                                                             ; out0             ;
; |uartDebug|controlUart:controlUart0|rst:rstPrLv4|input                                                               ; |uartDebug|controlUart:controlUart0|rst:rstPrLv4|input                                                               ; out0             ;
; |uartDebug|controlUart:controlUart0|rst:rstPrLv4|bascDReset:bascDReset0|int_q                                        ; |uartDebug|controlUart:controlUart0|rst:rstPrLv4|bascDReset:bascDReset0|int_q                                        ; regout           ;
; |uartDebug|controlUart:controlUart0|rst:rstPrLv3|input~0                                                             ; |uartDebug|controlUart:controlUart0|rst:rstPrLv3|input~0                                                             ; out0             ;
; |uartDebug|controlUart:controlUart0|rst:rstPrLv3|input~1                                                             ; |uartDebug|controlUart:controlUart0|rst:rstPrLv3|input~1                                                             ; out0             ;
; |uartDebug|controlUart:controlUart0|rst:rstPrLv3|input~2                                                             ; |uartDebug|controlUart:controlUart0|rst:rstPrLv3|input~2                                                             ; out0             ;
; |uartDebug|controlUart:controlUart0|rst:rstPrLv3|input~3                                                             ; |uartDebug|controlUart:controlUart0|rst:rstPrLv3|input~3                                                             ; out0             ;
; |uartDebug|controlUart:controlUart0|rst:rstPrLv3|input                                                               ; |uartDebug|controlUart:controlUart0|rst:rstPrLv3|input                                                               ; out0             ;
; |uartDebug|controlUart:controlUart0|rst:rstPrLv3|bascDReset:bascDReset0|int_q                                        ; |uartDebug|controlUart:controlUart0|rst:rstPrLv3|bascDReset:bascDReset0|int_q                                        ; regout           ;
; |uartDebug|controlUart:controlUart0|rst:rstPrLv2|input~0                                                             ; |uartDebug|controlUart:controlUart0|rst:rstPrLv2|input~0                                                             ; out0             ;
; |uartDebug|controlUart:controlUart0|rst:rstPrLv2|input~1                                                             ; |uartDebug|controlUart:controlUart0|rst:rstPrLv2|input~1                                                             ; out0             ;
; |uartDebug|controlUart:controlUart0|rst:rstPrLv2|input~2                                                             ; |uartDebug|controlUart:controlUart0|rst:rstPrLv2|input~2                                                             ; out0             ;
; |uartDebug|controlUart:controlUart0|rst:rstPrLv2|input~3                                                             ; |uartDebug|controlUart:controlUart0|rst:rstPrLv2|input~3                                                             ; out0             ;
; |uartDebug|controlUart:controlUart0|rst:rstPrLv2|input                                                               ; |uartDebug|controlUart:controlUart0|rst:rstPrLv2|input                                                               ; out0             ;
; |uartDebug|controlUart:controlUart0|rst:rstPrLv2|bascDReset:bascDReset0|int_q                                        ; |uartDebug|controlUart:controlUart0|rst:rstPrLv2|bascDReset:bascDReset0|int_q                                        ; regout           ;
; |uartDebug|controlUart:controlUart0|rst:rstPrLv1|input~0                                                             ; |uartDebug|controlUart:controlUart0|rst:rstPrLv1|input~0                                                             ; out0             ;
; |uartDebug|controlUart:controlUart0|rst:rstPrLv1|input~1                                                             ; |uartDebug|controlUart:controlUart0|rst:rstPrLv1|input~1                                                             ; out0             ;
; |uartDebug|controlUart:controlUart0|rst:rstPrLv1|input~2                                                             ; |uartDebug|controlUart:controlUart0|rst:rstPrLv1|input~2                                                             ; out0             ;
; |uartDebug|controlUart:controlUart0|rst:rstPrLv1|input~3                                                             ; |uartDebug|controlUart:controlUart0|rst:rstPrLv1|input~3                                                             ; out0             ;
; |uartDebug|controlUart:controlUart0|rst:rstPrLv1|input                                                               ; |uartDebug|controlUart:controlUart0|rst:rstPrLv1|input                                                               ; out0             ;
; |uartDebug|controlUart:controlUart0|rst:rstPrLv1|bascDReset:bascDReset0|int_q                                        ; |uartDebug|controlUart:controlUart0|rst:rstPrLv1|bascDReset:bascDReset0|int_q                                        ; regout           ;
; |uartDebug|controlUart:controlUart0|rst:rstPrLv0|input~0                                                             ; |uartDebug|controlUart:controlUart0|rst:rstPrLv0|input~0                                                             ; out0             ;
; |uartDebug|controlUart:controlUart0|rst:rstPrLv0|input~1                                                             ; |uartDebug|controlUart:controlUart0|rst:rstPrLv0|input~1                                                             ; out0             ;
; |uartDebug|controlUart:controlUart0|rst:rstPrLv0|input~2                                                             ; |uartDebug|controlUart:controlUart0|rst:rstPrLv0|input~2                                                             ; out0             ;
; |uartDebug|controlUart:controlUart0|rst:rstPrLv0|input~3                                                             ; |uartDebug|controlUart:controlUart0|rst:rstPrLv0|input~3                                                             ; out0             ;
; |uartDebug|controlUart:controlUart0|rst:rstPrLv0|input                                                               ; |uartDebug|controlUart:controlUart0|rst:rstPrLv0|input                                                               ; out0             ;
; |uartDebug|controlUart:controlUart0|rst:rstPrLv0|bascDReset:bascDReset0|int_q                                        ; |uartDebug|controlUart:controlUart0|rst:rstPrLv0|bascDReset:bascDReset0|int_q                                        ; regout           ;
; |uartDebug|controlUart:controlUart0|PL:PrLv|input~0                                                                  ; |uartDebug|controlUart:controlUart0|PL:PrLv|input~0                                                                  ; out0             ;
; |uartDebug|controlUart:controlUart0|PL:PrLv|input~1                                                                  ; |uartDebug|controlUart:controlUart0|PL:PrLv|input~1                                                                  ; out0             ;
; |uartDebug|controlUart:controlUart0|PL:PrLv|input~2                                                                  ; |uartDebug|controlUart:controlUart0|PL:PrLv|input~2                                                                  ; out0             ;
; |uartDebug|controlUart:controlUart0|PL:PrLv|input~3                                                                  ; |uartDebug|controlUart:controlUart0|PL:PrLv|input~3                                                                  ; out0             ;
; |uartDebug|controlUart:controlUart0|PL:PrLv|input~4                                                                  ; |uartDebug|controlUart:controlUart0|PL:PrLv|input~4                                                                  ; out0             ;
; |uartDebug|controlUart:controlUart0|PL:PrLv|input~5                                                                  ; |uartDebug|controlUart:controlUart0|PL:PrLv|input~5                                                                  ; out0             ;
; |uartDebug|controlUart:controlUart0|PL:PrLv|input~6                                                                  ; |uartDebug|controlUart:controlUart0|PL:PrLv|input~6                                                                  ; out0             ;
; |uartDebug|controlUart:controlUart0|PL:PrLv|input[0]                                                                 ; |uartDebug|controlUart:controlUart0|PL:PrLv|input[0]                                                                 ; out0             ;
; |uartDebug|controlUart:controlUart0|PL:PrLv|input~7                                                                  ; |uartDebug|controlUart:controlUart0|PL:PrLv|input~7                                                                  ; out0             ;
; |uartDebug|controlUart:controlUart0|PL:PrLv|input~8                                                                  ; |uartDebug|controlUart:controlUart0|PL:PrLv|input~8                                                                  ; out0             ;
; |uartDebug|controlUart:controlUart0|PL:PrLv|input~9                                                                  ; |uartDebug|controlUart:controlUart0|PL:PrLv|input~9                                                                  ; out0             ;
; |uartDebug|controlUart:controlUart0|PL:PrLv|input~10                                                                 ; |uartDebug|controlUart:controlUart0|PL:PrLv|input~10                                                                 ; out0             ;
; |uartDebug|controlUart:controlUart0|PL:PrLv|input~11                                                                 ; |uartDebug|controlUart:controlUart0|PL:PrLv|input~11                                                                 ; out0             ;
; |uartDebug|controlUart:controlUart0|PL:PrLv|input[1]                                                                 ; |uartDebug|controlUart:controlUart0|PL:PrLv|input[1]                                                                 ; out0             ;
; |uartDebug|controlUart:controlUart0|PL:PrLv|input~12                                                                 ; |uartDebug|controlUart:controlUart0|PL:PrLv|input~12                                                                 ; out0             ;
; |uartDebug|controlUart:controlUart0|PL:PrLv|input~13                                                                 ; |uartDebug|controlUart:controlUart0|PL:PrLv|input~13                                                                 ; out0             ;
; |uartDebug|controlUart:controlUart0|PL:PrLv|input~14                                                                 ; |uartDebug|controlUart:controlUart0|PL:PrLv|input~14                                                                 ; out0             ;
; |uartDebug|controlUart:controlUart0|PL:PrLv|input~15                                                                 ; |uartDebug|controlUart:controlUart0|PL:PrLv|input~15                                                                 ; out0             ;
; |uartDebug|controlUart:controlUart0|PL:PrLv|input~16                                                                 ; |uartDebug|controlUart:controlUart0|PL:PrLv|input~16                                                                 ; out0             ;
; |uartDebug|controlUart:controlUart0|PL:PrLv|input~17                                                                 ; |uartDebug|controlUart:controlUart0|PL:PrLv|input~17                                                                 ; out0             ;
; |uartDebug|controlUart:controlUart0|PL:PrLv|input~18                                                                 ; |uartDebug|controlUart:controlUart0|PL:PrLv|input~18                                                                 ; out0             ;
; |uartDebug|controlUart:controlUart0|PL:PrLv|input[2]                                                                 ; |uartDebug|controlUart:controlUart0|PL:PrLv|input[2]                                                                 ; out0             ;
; |uartDebug|controlUart:controlUart0|PL:PrLv|bascDReset:bascDReset2|int_q                                             ; |uartDebug|controlUart:controlUart0|PL:PrLv|bascDReset:bascDReset2|int_q                                             ; regout           ;
; |uartDebug|controlUart:controlUart0|PL:PrLv|bascDReset:bascDReset1|int_q                                             ; |uartDebug|controlUart:controlUart0|PL:PrLv|bascDReset:bascDReset1|int_q                                             ; regout           ;
; |uartDebug|controlUart:controlUart0|PL:PrLv|bascDReset:bascDReset0|int_q                                             ; |uartDebug|controlUart:controlUart0|PL:PrLv|bascDReset:bascDReset0|int_q                                             ; regout           ;
; |uartDebug|controlUart:controlUart0|rst:rstPjLr5|input~0                                                             ; |uartDebug|controlUart:controlUart0|rst:rstPjLr5|input~0                                                             ; out0             ;
; |uartDebug|controlUart:controlUart0|rst:rstPjLr5|input~1                                                             ; |uartDebug|controlUart:controlUart0|rst:rstPjLr5|input~1                                                             ; out0             ;
; |uartDebug|controlUart:controlUart0|rst:rstPjLr5|input~2                                                             ; |uartDebug|controlUart:controlUart0|rst:rstPjLr5|input~2                                                             ; out0             ;
; |uartDebug|controlUart:controlUart0|rst:rstPjLr5|input~3                                                             ; |uartDebug|controlUart:controlUart0|rst:rstPjLr5|input~3                                                             ; out0             ;
; |uartDebug|controlUart:controlUart0|rst:rstPjLr5|input                                                               ; |uartDebug|controlUart:controlUart0|rst:rstPjLr5|input                                                               ; out0             ;
; |uartDebug|controlUart:controlUart0|rst:rstPjLr5|bascDReset:bascDReset0|int_q                                        ; |uartDebug|controlUart:controlUart0|rst:rstPjLr5|bascDReset:bascDReset0|int_q                                        ; regout           ;
; |uartDebug|controlUart:controlUart0|rst:rstPjLr4|input~0                                                             ; |uartDebug|controlUart:controlUart0|rst:rstPjLr4|input~0                                                             ; out0             ;
; |uartDebug|controlUart:controlUart0|rst:rstPjLr4|input~1                                                             ; |uartDebug|controlUart:controlUart0|rst:rstPjLr4|input~1                                                             ; out0             ;
; |uartDebug|controlUart:controlUart0|rst:rstPjLr4|input~2                                                             ; |uartDebug|controlUart:controlUart0|rst:rstPjLr4|input~2                                                             ; out0             ;
; |uartDebug|controlUart:controlUart0|rst:rstPjLr4|input~3                                                             ; |uartDebug|controlUart:controlUart0|rst:rstPjLr4|input~3                                                             ; out0             ;
; |uartDebug|controlUart:controlUart0|rst:rstPjLr4|input                                                               ; |uartDebug|controlUart:controlUart0|rst:rstPjLr4|input                                                               ; out0             ;
; |uartDebug|controlUart:controlUart0|rst:rstPjLr4|bascDReset:bascDReset0|int_q                                        ; |uartDebug|controlUart:controlUart0|rst:rstPjLr4|bascDReset:bascDReset0|int_q                                        ; regout           ;
; |uartDebug|controlUart:controlUart0|rst:rstPjLr3|input~0                                                             ; |uartDebug|controlUart:controlUart0|rst:rstPjLr3|input~0                                                             ; out0             ;
; |uartDebug|controlUart:controlUart0|rst:rstPjLr3|input~1                                                             ; |uartDebug|controlUart:controlUart0|rst:rstPjLr3|input~1                                                             ; out0             ;
; |uartDebug|controlUart:controlUart0|rst:rstPjLr3|input~2                                                             ; |uartDebug|controlUart:controlUart0|rst:rstPjLr3|input~2                                                             ; out0             ;
; |uartDebug|controlUart:controlUart0|rst:rstPjLr3|input~3                                                             ; |uartDebug|controlUart:controlUart0|rst:rstPjLr3|input~3                                                             ; out0             ;
; |uartDebug|controlUart:controlUart0|rst:rstPjLr3|input                                                               ; |uartDebug|controlUart:controlUart0|rst:rstPjLr3|input                                                               ; out0             ;
; |uartDebug|controlUart:controlUart0|rst:rstPjLr3|bascDReset:bascDReset0|int_q                                        ; |uartDebug|controlUart:controlUart0|rst:rstPjLr3|bascDReset:bascDReset0|int_q                                        ; regout           ;
; |uartDebug|controlUart:controlUart0|rst:rstPjLr2|input~0                                                             ; |uartDebug|controlUart:controlUart0|rst:rstPjLr2|input~0                                                             ; out0             ;
; |uartDebug|controlUart:controlUart0|rst:rstPjLr2|input~1                                                             ; |uartDebug|controlUart:controlUart0|rst:rstPjLr2|input~1                                                             ; out0             ;
; |uartDebug|controlUart:controlUart0|rst:rstPjLr2|input~2                                                             ; |uartDebug|controlUart:controlUart0|rst:rstPjLr2|input~2                                                             ; out0             ;
; |uartDebug|controlUart:controlUart0|rst:rstPjLr2|input~3                                                             ; |uartDebug|controlUart:controlUart0|rst:rstPjLr2|input~3                                                             ; out0             ;
; |uartDebug|controlUart:controlUart0|rst:rstPjLr2|input                                                               ; |uartDebug|controlUart:controlUart0|rst:rstPjLr2|input                                                               ; out0             ;
; |uartDebug|controlUart:controlUart0|rst:rstPjLr2|bascDReset:bascDReset0|int_q                                        ; |uartDebug|controlUart:controlUart0|rst:rstPjLr2|bascDReset:bascDReset0|int_q                                        ; regout           ;
; |uartDebug|controlUart:controlUart0|rst:rstPjLr1|input~0                                                             ; |uartDebug|controlUart:controlUart0|rst:rstPjLr1|input~0                                                             ; out0             ;
; |uartDebug|controlUart:controlUart0|rst:rstPjLr1|input~1                                                             ; |uartDebug|controlUart:controlUart0|rst:rstPjLr1|input~1                                                             ; out0             ;
; |uartDebug|controlUart:controlUart0|rst:rstPjLr1|input~2                                                             ; |uartDebug|controlUart:controlUart0|rst:rstPjLr1|input~2                                                             ; out0             ;
; |uartDebug|controlUart:controlUart0|rst:rstPjLr1|input~3                                                             ; |uartDebug|controlUart:controlUart0|rst:rstPjLr1|input~3                                                             ; out0             ;
; |uartDebug|controlUart:controlUart0|rst:rstPjLr1|input                                                               ; |uartDebug|controlUart:controlUart0|rst:rstPjLr1|input                                                               ; out0             ;
; |uartDebug|controlUart:controlUart0|rst:rstPjLr1|bascDReset:bascDReset0|int_q                                        ; |uartDebug|controlUart:controlUart0|rst:rstPjLr1|bascDReset:bascDReset0|int_q                                        ; regout           ;
; |uartDebug|controlUart:controlUart0|rst:rstPjLr0|input~0                                                             ; |uartDebug|controlUart:controlUart0|rst:rstPjLr0|input~0                                                             ; out0             ;
; |uartDebug|controlUart:controlUart0|rst:rstPjLr0|input~1                                                             ; |uartDebug|controlUart:controlUart0|rst:rstPjLr0|input~1                                                             ; out0             ;
; |uartDebug|controlUart:controlUart0|rst:rstPjLr0|input~2                                                             ; |uartDebug|controlUart:controlUart0|rst:rstPjLr0|input~2                                                             ; out0             ;
; |uartDebug|controlUart:controlUart0|rst:rstPjLr0|input~3                                                             ; |uartDebug|controlUart:controlUart0|rst:rstPjLr0|input~3                                                             ; out0             ;
; |uartDebug|controlUart:controlUart0|rst:rstPjLr0|input                                                               ; |uartDebug|controlUart:controlUart0|rst:rstPjLr0|input                                                               ; out0             ;
; |uartDebug|controlUart:controlUart0|rst:rstPjLr0|bascDReset:bascDReset0|int_q                                        ; |uartDebug|controlUart:controlUart0|rst:rstPjLr0|bascDReset:bascDReset0|int_q                                        ; regout           ;
; |uartDebug|controlUart:controlUart0|PL:PjLr|input~0                                                                  ; |uartDebug|controlUart:controlUart0|PL:PjLr|input~0                                                                  ; out0             ;
; |uartDebug|controlUart:controlUart0|PL:PjLr|input~1                                                                  ; |uartDebug|controlUart:controlUart0|PL:PjLr|input~1                                                                  ; out0             ;
; |uartDebug|controlUart:controlUart0|PL:PjLr|input~2                                                                  ; |uartDebug|controlUart:controlUart0|PL:PjLr|input~2                                                                  ; out0             ;
; |uartDebug|controlUart:controlUart0|PL:PjLr|input~3                                                                  ; |uartDebug|controlUart:controlUart0|PL:PjLr|input~3                                                                  ; out0             ;
; |uartDebug|controlUart:controlUart0|PL:PjLr|input~4                                                                  ; |uartDebug|controlUart:controlUart0|PL:PjLr|input~4                                                                  ; out0             ;
; |uartDebug|controlUart:controlUart0|PL:PjLr|input~5                                                                  ; |uartDebug|controlUart:controlUart0|PL:PjLr|input~5                                                                  ; out0             ;
; |uartDebug|controlUart:controlUart0|PL:PjLr|input~6                                                                  ; |uartDebug|controlUart:controlUart0|PL:PjLr|input~6                                                                  ; out0             ;
; |uartDebug|controlUart:controlUart0|PL:PjLr|input[0]                                                                 ; |uartDebug|controlUart:controlUart0|PL:PjLr|input[0]                                                                 ; out0             ;
; |uartDebug|controlUart:controlUart0|PL:PjLr|input~7                                                                  ; |uartDebug|controlUart:controlUart0|PL:PjLr|input~7                                                                  ; out0             ;
; |uartDebug|controlUart:controlUart0|PL:PjLr|input~8                                                                  ; |uartDebug|controlUart:controlUart0|PL:PjLr|input~8                                                                  ; out0             ;
; |uartDebug|controlUart:controlUart0|PL:PjLr|input~9                                                                  ; |uartDebug|controlUart:controlUart0|PL:PjLr|input~9                                                                  ; out0             ;
; |uartDebug|controlUart:controlUart0|PL:PjLr|input~10                                                                 ; |uartDebug|controlUart:controlUart0|PL:PjLr|input~10                                                                 ; out0             ;
; |uartDebug|controlUart:controlUart0|PL:PjLr|input~11                                                                 ; |uartDebug|controlUart:controlUart0|PL:PjLr|input~11                                                                 ; out0             ;
; |uartDebug|controlUart:controlUart0|PL:PjLr|input[1]                                                                 ; |uartDebug|controlUart:controlUart0|PL:PjLr|input[1]                                                                 ; out0             ;
; |uartDebug|controlUart:controlUart0|PL:PjLr|input~12                                                                 ; |uartDebug|controlUart:controlUart0|PL:PjLr|input~12                                                                 ; out0             ;
; |uartDebug|controlUart:controlUart0|PL:PjLr|input~13                                                                 ; |uartDebug|controlUart:controlUart0|PL:PjLr|input~13                                                                 ; out0             ;
; |uartDebug|controlUart:controlUart0|PL:PjLr|input~14                                                                 ; |uartDebug|controlUart:controlUart0|PL:PjLr|input~14                                                                 ; out0             ;
; |uartDebug|controlUart:controlUart0|PL:PjLr|input~15                                                                 ; |uartDebug|controlUart:controlUart0|PL:PjLr|input~15                                                                 ; out0             ;
; |uartDebug|controlUart:controlUart0|PL:PjLr|input~16                                                                 ; |uartDebug|controlUart:controlUart0|PL:PjLr|input~16                                                                 ; out0             ;
; |uartDebug|controlUart:controlUart0|PL:PjLr|input~17                                                                 ; |uartDebug|controlUart:controlUart0|PL:PjLr|input~17                                                                 ; out0             ;
; |uartDebug|controlUart:controlUart0|PL:PjLr|input~18                                                                 ; |uartDebug|controlUart:controlUart0|PL:PjLr|input~18                                                                 ; out0             ;
; |uartDebug|controlUart:controlUart0|PL:PjLr|input[2]                                                                 ; |uartDebug|controlUart:controlUart0|PL:PjLr|input[2]                                                                 ; out0             ;
; |uartDebug|controlUart:controlUart0|PL:PjLr|bascDReset:bascDReset2|int_q                                             ; |uartDebug|controlUart:controlUart0|PL:PjLr|bascDReset:bascDReset2|int_q                                             ; regout           ;
; |uartDebug|controlUart:controlUart0|PL:PjLr|bascDReset:bascDReset1|int_q                                             ; |uartDebug|controlUart:controlUart0|PL:PjLr|bascDReset:bascDReset1|int_q                                             ; regout           ;
; |uartDebug|controlUart:controlUart0|PL:PjLr|bascDReset:bascDReset0|int_q                                             ; |uartDebug|controlUart:controlUart0|PL:PjLr|bascDReset:bascDReset0|int_q                                             ; regout           ;
; |uartDebug|controlUart:controlUart0|fsm:fsm0|input~0                                                                 ; |uartDebug|controlUart:controlUart0|fsm:fsm0|input~0                                                                 ; out0             ;
; |uartDebug|controlUart:controlUart0|fsm:fsm0|input~1                                                                 ; |uartDebug|controlUart:controlUart0|fsm:fsm0|input~1                                                                 ; out0             ;
; |uartDebug|controlUart:controlUart0|fsm:fsm0|input~2                                                                 ; |uartDebug|controlUart:controlUart0|fsm:fsm0|input~2                                                                 ; out0             ;
; |uartDebug|controlUart:controlUart0|fsm:fsm0|input~3                                                                 ; |uartDebug|controlUart:controlUart0|fsm:fsm0|input~3                                                                 ; out0             ;
; |uartDebug|controlUart:controlUart0|fsm:fsm0|input~4                                                                 ; |uartDebug|controlUart:controlUart0|fsm:fsm0|input~4                                                                 ; out0             ;
; |uartDebug|controlUart:controlUart0|fsm:fsm0|input~5                                                                 ; |uartDebug|controlUart:controlUart0|fsm:fsm0|input~5                                                                 ; out0             ;
; |uartDebug|controlUart:controlUart0|fsm:fsm0|input~6                                                                 ; |uartDebug|controlUart:controlUart0|fsm:fsm0|input~6                                                                 ; out0             ;
; |uartDebug|controlUart:controlUart0|fsm:fsm0|input[0]                                                                ; |uartDebug|controlUart:controlUart0|fsm:fsm0|input[0]                                                                ; out0             ;
; |uartDebug|controlUart:controlUart0|fsm:fsm0|input~7                                                                 ; |uartDebug|controlUart:controlUart0|fsm:fsm0|input~7                                                                 ; out0             ;
; |uartDebug|controlUart:controlUart0|fsm:fsm0|input~8                                                                 ; |uartDebug|controlUart:controlUart0|fsm:fsm0|input~8                                                                 ; out0             ;
; |uartDebug|controlUart:controlUart0|fsm:fsm0|input~9                                                                 ; |uartDebug|controlUart:controlUart0|fsm:fsm0|input~9                                                                 ; out0             ;
; |uartDebug|controlUart:controlUart0|fsm:fsm0|input~10                                                                ; |uartDebug|controlUart:controlUart0|fsm:fsm0|input~10                                                                ; out0             ;
; |uartDebug|controlUart:controlUart0|fsm:fsm0|input~11                                                                ; |uartDebug|controlUart:controlUart0|fsm:fsm0|input~11                                                                ; out0             ;
; |uartDebug|controlUart:controlUart0|fsm:fsm0|input~12                                                                ; |uartDebug|controlUart:controlUart0|fsm:fsm0|input~12                                                                ; out0             ;
; |uartDebug|controlUart:controlUart0|fsm:fsm0|input~13                                                                ; |uartDebug|controlUart:controlUart0|fsm:fsm0|input~13                                                                ; out0             ;
; |uartDebug|controlUart:controlUart0|fsm:fsm0|input[1]                                                                ; |uartDebug|controlUart:controlUart0|fsm:fsm0|input[1]                                                                ; out0             ;
; |uartDebug|controlUart:controlUart0|fsm:fsm0|bascDReset:bascDReset1|int_q                                            ; |uartDebug|controlUart:controlUart0|fsm:fsm0|bascDReset:bascDReset1|int_q                                            ; regout           ;
; |uartDebug|controlUart:controlUart0|fsm:fsm0|bascDReset:bascDReset0|int_q                                            ; |uartDebug|controlUart:controlUart0|fsm:fsm0|bascDReset:bascDReset0|int_q                                            ; regout           ;
; |uartDebug|controlUart:controlUart0|lightControl:lightControl0|controller:contr|dsig~0                               ; |uartDebug|controlUart:controlUart0|lightControl:lightControl0|controller:contr|dsig~0                               ; out0             ;
; |uartDebug|controlUart:controlUart0|lightControl:lightControl0|controller:contr|dsig~1                               ; |uartDebug|controlUart:controlUart0|lightControl:lightControl0|controller:contr|dsig~1                               ; out0             ;
; |uartDebug|controlUart:controlUart0|lightControl:lightControl0|controller:contr|dsig~2                               ; |uartDebug|controlUart:controlUart0|lightControl:lightControl0|controller:contr|dsig~2                               ; out0             ;
; |uartDebug|controlUart:controlUart0|lightControl:lightControl0|controller:contr|dsig~3                               ; |uartDebug|controlUart:controlUart0|lightControl:lightControl0|controller:contr|dsig~3                               ; out0             ;
; |uartDebug|controlUart:controlUart0|lightControl:lightControl0|controller:contr|dsig~4                               ; |uartDebug|controlUart:controlUart0|lightControl:lightControl0|controller:contr|dsig~4                               ; out0             ;
; |uartDebug|controlUart:controlUart0|lightControl:lightControl0|controller:contr|dsig~5                               ; |uartDebug|controlUart:controlUart0|lightControl:lightControl0|controller:contr|dsig~5                               ; out0             ;
; |uartDebug|controlUart:controlUart0|lightControl:lightControl0|controller:contr|dsig[0]                              ; |uartDebug|controlUart:controlUart0|lightControl:lightControl0|controller:contr|dsig[0]                              ; out0             ;
; |uartDebug|controlUart:controlUart0|lightControl:lightControl0|controller:contr|dsig~6                               ; |uartDebug|controlUart:controlUart0|lightControl:lightControl0|controller:contr|dsig~6                               ; out0             ;
; |uartDebug|controlUart:controlUart0|lightControl:lightControl0|controller:contr|dsig~7                               ; |uartDebug|controlUart:controlUart0|lightControl:lightControl0|controller:contr|dsig~7                               ; out0             ;
; |uartDebug|controlUart:controlUart0|lightControl:lightControl0|controller:contr|dsig~8                               ; |uartDebug|controlUart:controlUart0|lightControl:lightControl0|controller:contr|dsig~8                               ; out0             ;
; |uartDebug|controlUart:controlUart0|lightControl:lightControl0|controller:contr|dsig~9                               ; |uartDebug|controlUart:controlUart0|lightControl:lightControl0|controller:contr|dsig~9                               ; out0             ;
; |uartDebug|controlUart:controlUart0|lightControl:lightControl0|controller:contr|dsig~10                              ; |uartDebug|controlUart:controlUart0|lightControl:lightControl0|controller:contr|dsig~10                              ; out0             ;
; |uartDebug|controlUart:controlUart0|lightControl:lightControl0|controller:contr|dsig[1]                              ; |uartDebug|controlUart:controlUart0|lightControl:lightControl0|controller:contr|dsig[1]                              ; out0             ;
; |uartDebug|controlUart:controlUart0|lightControl:lightControl0|controller:contr|mstl[1]                              ; |uartDebug|controlUart:controlUart0|lightControl:lightControl0|controller:contr|mstl[1]                              ; out0             ;
; |uartDebug|controlUart:controlUart0|lightControl:lightControl0|controller:contr|mstl[2]                              ; |uartDebug|controlUart:controlUart0|lightControl:lightControl0|controller:contr|mstl[2]                              ; out0             ;
; |uartDebug|controlUart:controlUart0|lightControl:lightControl0|controller:contr|sstl[1]                              ; |uartDebug|controlUart:controlUart0|lightControl:lightControl0|controller:contr|sstl[1]                              ; out0             ;
; |uartDebug|controlUart:controlUart0|lightControl:lightControl0|controller:contr|sstl[2]                              ; |uartDebug|controlUart:controlUart0|lightControl:lightControl0|controller:contr|sstl[2]                              ; out0             ;
; |uartDebug|controlUart:controlUart0|lightControl:lightControl0|controller:contr|bascDReset:basc1|int_q               ; |uartDebug|controlUart:controlUart0|lightControl:lightControl0|controller:contr|bascDReset:basc1|int_q               ; regout           ;
; |uartDebug|controlUart:controlUart0|lightControl:lightControl0|controller:contr|bascDReset:basc0|int_q               ; |uartDebug|controlUart:controlUart0|lightControl:lightControl0|controller:contr|bascDReset:basc0|int_q               ; regout           ;
; |uartDebug|controlUart:controlUart0|lightControl:lightControl0|dataPath:data|r_out                                   ; |uartDebug|controlUart:controlUart0|lightControl:lightControl0|dataPath:data|r_out                                   ; out0             ;
; |uartDebug|controlUart:controlUart0|lightControl:lightControl0|dataPath:data|mux41_1bit:mux|s~0                      ; |uartDebug|controlUart:controlUart0|lightControl:lightControl0|dataPath:data|mux41_1bit:mux|s~0                      ; out0             ;
; |uartDebug|controlUart:controlUart0|lightControl:lightControl0|dataPath:data|mux41_1bit:mux|s~1                      ; |uartDebug|controlUart:controlUart0|lightControl:lightControl0|dataPath:data|mux41_1bit:mux|s~1                      ; out0             ;
; |uartDebug|controlUart:controlUart0|lightControl:lightControl0|dataPath:data|mux41_1bit:mux|s~2                      ; |uartDebug|controlUart:controlUart0|lightControl:lightControl0|dataPath:data|mux41_1bit:mux|s~2                      ; out0             ;
; |uartDebug|controlUart:controlUart0|lightControl:lightControl0|dataPath:data|mux41_1bit:mux|s~3                      ; |uartDebug|controlUart:controlUart0|lightControl:lightControl0|dataPath:data|mux41_1bit:mux|s~3                      ; out0             ;
; |uartDebug|controlUart:controlUart0|lightControl:lightControl0|dataPath:data|mux41_1bit:mux|s~4                      ; |uartDebug|controlUart:controlUart0|lightControl:lightControl0|dataPath:data|mux41_1bit:mux|s~4                      ; out0             ;
; |uartDebug|controlUart:controlUart0|lightControl:lightControl0|dataPath:data|mux41_1bit:mux|s~5                      ; |uartDebug|controlUart:controlUart0|lightControl:lightControl0|dataPath:data|mux41_1bit:mux|s~5                      ; out0             ;
; |uartDebug|controlUart:controlUart0|lightControl:lightControl0|dataPath:data|mux41_1bit:mux|s~6                      ; |uartDebug|controlUart:controlUart0|lightControl:lightControl0|dataPath:data|mux41_1bit:mux|s~6                      ; out0             ;
; |uartDebug|controlUart:controlUart0|lightControl:lightControl0|dataPath:data|mux41_1bit:mux|s~7                      ; |uartDebug|controlUart:controlUart0|lightControl:lightControl0|dataPath:data|mux41_1bit:mux|s~7                      ; out0             ;
; |uartDebug|controlUart:controlUart0|lightControl:lightControl0|dataPath:data|mux41_1bit:mux|s~8                      ; |uartDebug|controlUart:controlUart0|lightControl:lightControl0|dataPath:data|mux41_1bit:mux|s~8                      ; out0             ;
; |uartDebug|controlUart:controlUart0|lightControl:lightControl0|dataPath:data|mux41_1bit:mux|s~9                      ; |uartDebug|controlUart:controlUart0|lightControl:lightControl0|dataPath:data|mux41_1bit:mux|s~9                      ; out0             ;
; |uartDebug|controlUart:controlUart0|lightControl:lightControl0|dataPath:data|mux41_1bit:mux|s                        ; |uartDebug|controlUart:controlUart0|lightControl:lightControl0|dataPath:data|mux41_1bit:mux|s                        ; out0             ;
; |uartDebug|controlUart:controlUart0|lightControl:lightControl0|dataPath:data|comp4bits:compSst|s~0                   ; |uartDebug|controlUart:controlUart0|lightControl:lightControl0|dataPath:data|comp4bits:compSst|s~0                   ; out0             ;
; |uartDebug|controlUart:controlUart0|lightControl:lightControl0|dataPath:data|comp4bits:compSst|s~1                   ; |uartDebug|controlUart:controlUart0|lightControl:lightControl0|dataPath:data|comp4bits:compSst|s~1                   ; out0             ;
; |uartDebug|controlUart:controlUart0|lightControl:lightControl0|dataPath:data|comp4bits:compSst|s                     ; |uartDebug|controlUart:controlUart0|lightControl:lightControl0|dataPath:data|comp4bits:compSst|s                     ; out0             ;
; |uartDebug|controlUart:controlUart0|lightControl:lightControl0|dataPath:data|comp4bits:compMst|s~0                   ; |uartDebug|controlUart:controlUart0|lightControl:lightControl0|dataPath:data|comp4bits:compMst|s~0                   ; out0             ;
; |uartDebug|controlUart:controlUart0|lightControl:lightControl0|dataPath:data|comp4bits:compMst|s~1                   ; |uartDebug|controlUart:controlUart0|lightControl:lightControl0|dataPath:data|comp4bits:compMst|s~1                   ; out0             ;
; |uartDebug|controlUart:controlUart0|lightControl:lightControl0|dataPath:data|comp4bits:compMst|s                     ; |uartDebug|controlUart:controlUart0|lightControl:lightControl0|dataPath:data|comp4bits:compMst|s                     ; out0             ;
; |uartDebug|controlUart:controlUart0|lightControl:lightControl0|dataPath:data|comp4bits:compSsc|s~0                   ; |uartDebug|controlUart:controlUart0|lightControl:lightControl0|dataPath:data|comp4bits:compSsc|s~0                   ; out0             ;
; |uartDebug|controlUart:controlUart0|lightControl:lightControl0|dataPath:data|comp4bits:compSsc|s~1                   ; |uartDebug|controlUart:controlUart0|lightControl:lightControl0|dataPath:data|comp4bits:compSsc|s~1                   ; out0             ;
; |uartDebug|controlUart:controlUart0|lightControl:lightControl0|dataPath:data|comp4bits:compSsc|s                     ; |uartDebug|controlUart:controlUart0|lightControl:lightControl0|dataPath:data|comp4bits:compSsc|s                     ; out0             ;
; |uartDebug|controlUart:controlUart0|lightControl:lightControl0|dataPath:data|comp4bits:compSsc|comp1bit:comp3|s~0    ; |uartDebug|controlUart:controlUart0|lightControl:lightControl0|dataPath:data|comp4bits:compSsc|comp1bit:comp3|s~0    ; out0             ;
; |uartDebug|controlUart:controlUart0|lightControl:lightControl0|dataPath:data|comp4bits:compSsc|comp1bit:comp2|s~0    ; |uartDebug|controlUart:controlUart0|lightControl:lightControl0|dataPath:data|comp4bits:compSsc|comp1bit:comp2|s~0    ; out0             ;
; |uartDebug|controlUart:controlUart0|lightControl:lightControl0|dataPath:data|comp4bits:compSsc|comp1bit:comp1|s~0    ; |uartDebug|controlUart:controlUart0|lightControl:lightControl0|dataPath:data|comp4bits:compSsc|comp1bit:comp1|s~0    ; out0             ;
; |uartDebug|controlUart:controlUart0|lightControl:lightControl0|dataPath:data|comp4bits:compSsc|comp1bit:comp0|s~0    ; |uartDebug|controlUart:controlUart0|lightControl:lightControl0|dataPath:data|comp4bits:compSsc|comp1bit:comp0|s~0    ; out0             ;
; |uartDebug|controlUart:controlUart0|lightControl:lightControl0|dataPath:data|comp4bits:compMsc|s~0                   ; |uartDebug|controlUart:controlUart0|lightControl:lightControl0|dataPath:data|comp4bits:compMsc|s~0                   ; out0             ;
; |uartDebug|controlUart:controlUart0|lightControl:lightControl0|dataPath:data|comp4bits:compMsc|s~1                   ; |uartDebug|controlUart:controlUart0|lightControl:lightControl0|dataPath:data|comp4bits:compMsc|s~1                   ; out0             ;
; |uartDebug|controlUart:controlUart0|lightControl:lightControl0|dataPath:data|comp4bits:compMsc|s                     ; |uartDebug|controlUart:controlUart0|lightControl:lightControl0|dataPath:data|comp4bits:compMsc|s                     ; out0             ;
; |uartDebug|controlUart:controlUart0|lightControl:lightControl0|dataPath:data|comp4bits:compMsc|comp1bit:comp3|s~0    ; |uartDebug|controlUart:controlUart0|lightControl:lightControl0|dataPath:data|comp4bits:compMsc|comp1bit:comp3|s~0    ; out0             ;
; |uartDebug|controlUart:controlUart0|lightControl:lightControl0|dataPath:data|comp4bits:compMsc|comp1bit:comp2|s~0    ; |uartDebug|controlUart:controlUart0|lightControl:lightControl0|dataPath:data|comp4bits:compMsc|comp1bit:comp2|s~0    ; out0             ;
; |uartDebug|controlUart:controlUart0|lightControl:lightControl0|dataPath:data|comp4bits:compMsc|comp1bit:comp1|s~0    ; |uartDebug|controlUart:controlUart0|lightControl:lightControl0|dataPath:data|comp4bits:compMsc|comp1bit:comp1|s~0    ; out0             ;
; |uartDebug|controlUart:controlUart0|lightControl:lightControl0|dataPath:data|compt4bits:compt|dsig~0                 ; |uartDebug|controlUart:controlUart0|lightControl:lightControl0|dataPath:data|compt4bits:compt|dsig~0                 ; out0             ;
; |uartDebug|controlUart:controlUart0|lightControl:lightControl0|dataPath:data|compt4bits:compt|dsig[2]                ; |uartDebug|controlUart:controlUart0|lightControl:lightControl0|dataPath:data|compt4bits:compt|dsig[2]                ; out0             ;
; |uartDebug|controlUart:controlUart0|lightControl:lightControl0|dataPath:data|compt4bits:compt|dsig~1                 ; |uartDebug|controlUart:controlUart0|lightControl:lightControl0|dataPath:data|compt4bits:compt|dsig~1                 ; out0             ;
; |uartDebug|controlUart:controlUart0|lightControl:lightControl0|dataPath:data|compt4bits:compt|dsig~2                 ; |uartDebug|controlUart:controlUart0|lightControl:lightControl0|dataPath:data|compt4bits:compt|dsig~2                 ; out0             ;
; |uartDebug|controlUart:controlUart0|lightControl:lightControl0|dataPath:data|compt4bits:compt|dsig[3]                ; |uartDebug|controlUart:controlUart0|lightControl:lightControl0|dataPath:data|compt4bits:compt|dsig[3]                ; out0             ;
; |uartDebug|controlUart:controlUart0|lightControl:lightControl0|dataPath:data|compt4bits:compt|bascDReset:basc3|int_q ; |uartDebug|controlUart:controlUart0|lightControl:lightControl0|dataPath:data|compt4bits:compt|bascDReset:basc3|int_q ; regout           ;
; |uartDebug|controlUart:controlUart0|lightControl:lightControl0|dataPath:data|compt4bits:compt|bascDReset:basc2|int_q ; |uartDebug|controlUart:controlUart0|lightControl:lightControl0|dataPath:data|compt4bits:compt|bascDReset:basc2|int_q ; regout           ;
; |uartDebug|controlUart:controlUart0|lightControl:lightControl0|dataPath:data|compt4bits:compt|bascDReset:basc1|int_q ; |uartDebug|controlUart:controlUart0|lightControl:lightControl0|dataPath:data|compt4bits:compt|bascDReset:basc1|int_q ; regout           ;
; |uartDebug|controlUart:controlUart0|lightControl:lightControl0|dataPath:data|resetCmp:reset|reset                    ; |uartDebug|controlUart:controlUart0|lightControl:lightControl0|dataPath:data|resetCmp:reset|reset                    ; regout           ;
; |uartDebug|controlUart:controlUart0|clk_div:clk_div1|countClkOut~0                                                   ; |uartDebug|controlUart:controlUart0|clk_div:clk_div1|countClkOut~0                                                   ; out              ;
; |uartDebug|controlUart:controlUart0|clk_div:clk_div1|countClkOut[4]                                                  ; |uartDebug|controlUart:controlUart0|clk_div:clk_div1|countClkOut[4]                                                  ; regout           ;
; |uartDebug|controlUart:controlUart0|clk_div:clk_div0|countClkOut~0                                                   ; |uartDebug|controlUart:controlUart0|clk_div:clk_div0|countClkOut~0                                                   ; out              ;
; |uartDebug|controlUart:controlUart0|clk_div:clk_div0|countClkOut[4]                                                  ; |uartDebug|controlUart:controlUart0|clk_div:clk_div0|countClkOut[4]                                                  ; regout           ;
; |uartDebug|controlUart:controlUart0|clk_div:clk_div1|Add0~5                                                          ; |uartDebug|controlUart:controlUart0|clk_div:clk_div1|Add0~5                                                          ; out0             ;
; |uartDebug|controlUart:controlUart0|clk_div:clk_div1|Add0~6                                                          ; |uartDebug|controlUart:controlUart0|clk_div:clk_div1|Add0~6                                                          ; out0             ;
; |uartDebug|controlUart:controlUart0|clk_div:clk_div0|Add0~5                                                          ; |uartDebug|controlUart:controlUart0|clk_div:clk_div0|Add0~5                                                          ; out0             ;
; |uartDebug|controlUart:controlUart0|clk_div:clk_div0|Add0~6                                                          ; |uartDebug|controlUart:controlUart0|clk_div:clk_div0|Add0~6                                                          ; out0             ;
+----------------------------------------------------------------------------------------------------------------------+----------------------------------------------------------------------------------------------------------------------+------------------+


The following table displays output ports that do not toggle to 0 during simulation.
+----------------------------------------------------------------------------------------------------------------------------------------------------------------------------------------------------------------------------------------------------------------+
; Missing 0-Value Coverage                                                                                                                                                                                                                                       ;
+----------------------------------------------------------------------------------------------------------------------+----------------------------------------------------------------------------------------------------------------------+------------------+
; Node Name                                                                                                            ; Output Port Name                                                                                                     ; Output Port Type ;
+----------------------------------------------------------------------------------------------------------------------+----------------------------------------------------------------------------------------------------------------------+------------------+
; |uartDebug|Greset                                                                                                    ; |uartDebug|Greset                                                                                                    ; out              ;
; |uartDebug|sscs                                                                                                      ; |uartDebug|sscs                                                                                                      ; out              ;
; |uartDebug|mscMax[0]                                                                                                 ; |uartDebug|mscMax[0]                                                                                                 ; out              ;
; |uartDebug|mscMax[1]                                                                                                 ; |uartDebug|mscMax[1]                                                                                                 ; out              ;
; |uartDebug|mscMax[2]                                                                                                 ; |uartDebug|mscMax[2]                                                                                                 ; out              ;
; |uartDebug|mscMax[3]                                                                                                 ; |uartDebug|mscMax[3]                                                                                                 ; out              ;
; |uartDebug|sscMax[0]                                                                                                 ; |uartDebug|sscMax[0]                                                                                                 ; out              ;
; |uartDebug|sscMax[1]                                                                                                 ; |uartDebug|sscMax[1]                                                                                                 ; out              ;
; |uartDebug|sscMax[2]                                                                                                 ; |uartDebug|sscMax[2]                                                                                                 ; out              ;
; |uartDebug|sscMax[3]                                                                                                 ; |uartDebug|sscMax[3]                                                                                                 ; out              ;
; |uartDebug|mstl[0]                                                                                                   ; |uartDebug|mstl[0]                                                                                                   ; pin_out          ;
; |uartDebug|mstl[1]                                                                                                   ; |uartDebug|mstl[1]                                                                                                   ; pin_out          ;
; |uartDebug|mstl[2]                                                                                                   ; |uartDebug|mstl[2]                                                                                                   ; pin_out          ;
; |uartDebug|sstl[0]                                                                                                   ; |uartDebug|sstl[0]                                                                                                   ; pin_out          ;
; |uartDebug|sstl[1]                                                                                                   ; |uartDebug|sstl[1]                                                                                                   ; pin_out          ;
; |uartDebug|sstl[2]                                                                                                   ; |uartDebug|sstl[2]                                                                                                   ; pin_out          ;
; |uartDebug|controlUart:controlUart0|i1Sig~0                                                                          ; |uartDebug|controlUart:controlUart0|i1Sig~0                                                                          ; out0             ;
; |uartDebug|controlUart:controlUart0|i1Sig~1                                                                          ; |uartDebug|controlUart:controlUart0|i1Sig~1                                                                          ; out0             ;
; |uartDebug|controlUart:controlUart0|i1Sig                                                                            ; |uartDebug|controlUart:controlUart0|i1Sig                                                                            ; out0             ;
; |uartDebug|controlUart:controlUart0|i2Sig~0                                                                          ; |uartDebug|controlUart:controlUart0|i2Sig~0                                                                          ; out0             ;
; |uartDebug|controlUart:controlUart0|i2Sig~1                                                                          ; |uartDebug|controlUart:controlUart0|i2Sig~1                                                                          ; out0             ;
; |uartDebug|controlUart:controlUart0|i2Sig                                                                            ; |uartDebug|controlUart:controlUart0|i2Sig                                                                            ; out0             ;
; |uartDebug|controlUart:controlUart0|iPLSig[0]                                                                        ; |uartDebug|controlUart:controlUart0|iPLSig[0]                                                                        ; out0             ;
; |uartDebug|controlUart:controlUart0|iPLSig[1]                                                                        ; |uartDebug|controlUart:controlUart0|iPLSig[1]                                                                        ; out0             ;
; |uartDebug|controlUart:controlUart0|selMux8b0Sig[1]                                                                  ; |uartDebug|controlUart:controlUart0|selMux8b0Sig[1]                                                                  ; out0             ;
; |uartDebug|controlUart:controlUart0|selMux8b1Sig~0                                                                   ; |uartDebug|controlUart:controlUart0|selMux8b1Sig~0                                                                   ; out0             ;
; |uartDebug|controlUart:controlUart0|selMux8b1Sig[1]                                                                  ; |uartDebug|controlUart:controlUart0|selMux8b1Sig[1]                                                                  ; out0             ;
; |uartDebug|controlUart:controlUart0|selMux8b2Sig~1                                                                   ; |uartDebug|controlUart:controlUart0|selMux8b2Sig~1                                                                   ; out0             ;
; |uartDebug|controlUart:controlUart0|selMux8b2Sig[1]                                                                  ; |uartDebug|controlUart:controlUart0|selMux8b2Sig[1]                                                                  ; out0             ;
; |uartDebug|controlUart:controlUart0|PjLrStateSig~0                                                                   ; |uartDebug|controlUart:controlUart0|PjLrStateSig~0                                                                   ; out0             ;
; |uartDebug|controlUart:controlUart0|PjLrStateSig[1]                                                                  ; |uartDebug|controlUart:controlUart0|PjLrStateSig[1]                                                                  ; out0             ;
; |uartDebug|controlUart:controlUart0|PjLrStateSig[2]                                                                  ; |uartDebug|controlUart:controlUart0|PjLrStateSig[2]                                                                  ; out0             ;
; |uartDebug|controlUart:controlUart0|PjLrStateSig~1                                                                   ; |uartDebug|controlUart:controlUart0|PjLrStateSig~1                                                                   ; out0             ;
; |uartDebug|controlUart:controlUart0|PjLrStateSig[3]                                                                  ; |uartDebug|controlUart:controlUart0|PjLrStateSig[3]                                                                  ; out0             ;
; |uartDebug|controlUart:controlUart0|PjLrStateSig~2                                                                   ; |uartDebug|controlUart:controlUart0|PjLrStateSig~2                                                                   ; out0             ;
; |uartDebug|controlUart:controlUart0|PjLrStateSig[4]                                                                  ; |uartDebug|controlUart:controlUart0|PjLrStateSig[4]                                                                  ; out0             ;
; |uartDebug|controlUart:controlUart0|PjLrStateSig~3                                                                   ; |uartDebug|controlUart:controlUart0|PjLrStateSig~3                                                                   ; out0             ;
; |uartDebug|controlUart:controlUart0|PjLrStateSig[5]                                                                  ; |uartDebug|controlUart:controlUart0|PjLrStateSig[5]                                                                  ; out0             ;
; |uartDebug|controlUart:controlUart0|PjLrStateSig~4                                                                   ; |uartDebug|controlUart:controlUart0|PjLrStateSig~4                                                                   ; out0             ;
; |uartDebug|controlUart:controlUart0|PjLrStateSig[6]                                                                  ; |uartDebug|controlUart:controlUart0|PjLrStateSig[6]                                                                  ; out0             ;
; |uartDebug|controlUart:controlUart0|iPLSig[2]                                                                        ; |uartDebug|controlUart:controlUart0|iPLSig[2]                                                                        ; out0             ;
; |uartDebug|controlUart:controlUart0|PrLvStateSig~0                                                                   ; |uartDebug|controlUart:controlUart0|PrLvStateSig~0                                                                   ; out0             ;
; |uartDebug|controlUart:controlUart0|PrLvStateSig[1]                                                                  ; |uartDebug|controlUart:controlUart0|PrLvStateSig[1]                                                                  ; out0             ;
; |uartDebug|controlUart:controlUart0|PrLvStateSig~1                                                                   ; |uartDebug|controlUart:controlUart0|PrLvStateSig~1                                                                   ; out0             ;
; |uartDebug|controlUart:controlUart0|PrLvStateSig[2]                                                                  ; |uartDebug|controlUart:controlUart0|PrLvStateSig[2]                                                                  ; out0             ;
; |uartDebug|controlUart:controlUart0|PrLvStateSig~2                                                                   ; |uartDebug|controlUart:controlUart0|PrLvStateSig~2                                                                   ; out0             ;
; |uartDebug|controlUart:controlUart0|PrLvStateSig[3]                                                                  ; |uartDebug|controlUart:controlUart0|PrLvStateSig[3]                                                                  ; out0             ;
; |uartDebug|controlUart:controlUart0|PrLvStateSig~3                                                                   ; |uartDebug|controlUart:controlUart0|PrLvStateSig~3                                                                   ; out0             ;
; |uartDebug|controlUart:controlUart0|PrLvStateSig[4]                                                                  ; |uartDebug|controlUart:controlUart0|PrLvStateSig[4]                                                                  ; out0             ;
; |uartDebug|controlUart:controlUart0|PrLvStateSig~4                                                                   ; |uartDebug|controlUart:controlUart0|PrLvStateSig~4                                                                   ; out0             ;
; |uartDebug|controlUart:controlUart0|PrLvStateSig[5]                                                                  ; |uartDebug|controlUart:controlUart0|PrLvStateSig[5]                                                                  ; out0             ;
; |uartDebug|controlUart:controlUart0|PrLvStateSig[6]                                                                  ; |uartDebug|controlUart:controlUart0|PrLvStateSig[6]                                                                  ; out0             ;
; |uartDebug|controlUart:controlUart0|selMux8b0Sig~1                                                                   ; |uartDebug|controlUart:controlUart0|selMux8b0Sig~1                                                                   ; out0             ;
; |uartDebug|controlUart:controlUart0|selMux8b0Sig[2]                                                                  ; |uartDebug|controlUart:controlUart0|selMux8b0Sig[2]                                                                  ; out0             ;
; |uartDebug|controlUart:controlUart0|selMux8b1Sig[2]                                                                  ; |uartDebug|controlUart:controlUart0|selMux8b1Sig[2]                                                                  ; out0             ;
; |uartDebug|controlUart:controlUart0|selMux8b2Sig~2                                                                   ; |uartDebug|controlUart:controlUart0|selMux8b2Sig~2                                                                   ; out0             ;
; |uartDebug|controlUart:controlUart0|selMux8b2Sig[2]                                                                  ; |uartDebug|controlUart:controlUart0|selMux8b2Sig[2]                                                                  ; out0             ;
; |uartDebug|controlUart:controlUart0|iPLSig[3]                                                                        ; |uartDebug|controlUart:controlUart0|iPLSig[3]                                                                        ; out0             ;
; |uartDebug|controlUart:controlUart0|selMux8b0Sig[3]                                                                  ; |uartDebug|controlUart:controlUart0|selMux8b0Sig[3]                                                                  ; out0             ;
; |uartDebug|controlUart:controlUart0|selMux8b1Sig~1                                                                   ; |uartDebug|controlUart:controlUart0|selMux8b1Sig~1                                                                   ; out0             ;
; |uartDebug|controlUart:controlUart0|selMux8b1Sig[3]                                                                  ; |uartDebug|controlUart:controlUart0|selMux8b1Sig[3]                                                                  ; out0             ;
; |uartDebug|controlUart:controlUart0|selMux8b2Sig~3                                                                   ; |uartDebug|controlUart:controlUart0|selMux8b2Sig~3                                                                   ; out0             ;
; |uartDebug|controlUart:controlUart0|selMux8b2Sig[3]                                                                  ; |uartDebug|controlUart:controlUart0|selMux8b2Sig[3]                                                                  ; out0             ;
; |uartDebug|controlUart:controlUart0|PrLjStateSig~0                                                                   ; |uartDebug|controlUart:controlUart0|PrLjStateSig~0                                                                   ; out0             ;
; |uartDebug|controlUart:controlUart0|PrLjStateSig[1]                                                                  ; |uartDebug|controlUart:controlUart0|PrLjStateSig[1]                                                                  ; out0             ;
; |uartDebug|controlUart:controlUart0|PrLjStateSig[2]                                                                  ; |uartDebug|controlUart:controlUart0|PrLjStateSig[2]                                                                  ; out0             ;
; |uartDebug|controlUart:controlUart0|PrLjStateSig~1                                                                   ; |uartDebug|controlUart:controlUart0|PrLjStateSig~1                                                                   ; out0             ;
; |uartDebug|controlUart:controlUart0|PrLjStateSig[3]                                                                  ; |uartDebug|controlUart:controlUart0|PrLjStateSig[3]                                                                  ; out0             ;
; |uartDebug|controlUart:controlUart0|PrLjStateSig~2                                                                   ; |uartDebug|controlUart:controlUart0|PrLjStateSig~2                                                                   ; out0             ;
; |uartDebug|controlUart:controlUart0|PrLjStateSig[4]                                                                  ; |uartDebug|controlUart:controlUart0|PrLjStateSig[4]                                                                  ; out0             ;
; |uartDebug|controlUart:controlUart0|PrLjStateSig~3                                                                   ; |uartDebug|controlUart:controlUart0|PrLjStateSig~3                                                                   ; out0             ;
; |uartDebug|controlUart:controlUart0|PrLjStateSig[5]                                                                  ; |uartDebug|controlUart:controlUart0|PrLjStateSig[5]                                                                  ; out0             ;
; |uartDebug|controlUart:controlUart0|PrLjStateSig[6]                                                                  ; |uartDebug|controlUart:controlUart0|PrLjStateSig[6]                                                                  ; out0             ;
; |uartDebug|controlUart:controlUart0|rst:rstPrLj5|input~0                                                             ; |uartDebug|controlUart:controlUart0|rst:rstPrLj5|input~0                                                             ; out0             ;
; |uartDebug|controlUart:controlUart0|rst:rstPrLj5|input~1                                                             ; |uartDebug|controlUart:controlUart0|rst:rstPrLj5|input~1                                                             ; out0             ;
; |uartDebug|controlUart:controlUart0|rst:rstPrLj5|input~2                                                             ; |uartDebug|controlUart:controlUart0|rst:rstPrLj5|input~2                                                             ; out0             ;
; |uartDebug|controlUart:controlUart0|rst:rstPrLj5|input~3                                                             ; |uartDebug|controlUart:controlUart0|rst:rstPrLj5|input~3                                                             ; out0             ;
; |uartDebug|controlUart:controlUart0|rst:rstPrLj5|input                                                               ; |uartDebug|controlUart:controlUart0|rst:rstPrLj5|input                                                               ; out0             ;
; |uartDebug|controlUart:controlUart0|rst:rstPrLj5|bascDReset:bascDReset0|int_q                                        ; |uartDebug|controlUart:controlUart0|rst:rstPrLj5|bascDReset:bascDReset0|int_q                                        ; regout           ;
; |uartDebug|controlUart:controlUart0|rst:rstPrLj4|input~0                                                             ; |uartDebug|controlUart:controlUart0|rst:rstPrLj4|input~0                                                             ; out0             ;
; |uartDebug|controlUart:controlUart0|rst:rstPrLj4|input~1                                                             ; |uartDebug|controlUart:controlUart0|rst:rstPrLj4|input~1                                                             ; out0             ;
; |uartDebug|controlUart:controlUart0|rst:rstPrLj4|input~2                                                             ; |uartDebug|controlUart:controlUart0|rst:rstPrLj4|input~2                                                             ; out0             ;
; |uartDebug|controlUart:controlUart0|rst:rstPrLj4|input~3                                                             ; |uartDebug|controlUart:controlUart0|rst:rstPrLj4|input~3                                                             ; out0             ;
; |uartDebug|controlUart:controlUart0|rst:rstPrLj4|input                                                               ; |uartDebug|controlUart:controlUart0|rst:rstPrLj4|input                                                               ; out0             ;
; |uartDebug|controlUart:controlUart0|rst:rstPrLj4|bascDReset:bascDReset0|int_q                                        ; |uartDebug|controlUart:controlUart0|rst:rstPrLj4|bascDReset:bascDReset0|int_q                                        ; regout           ;
; |uartDebug|controlUart:controlUart0|rst:rstPrLj3|input~0                                                             ; |uartDebug|controlUart:controlUart0|rst:rstPrLj3|input~0                                                             ; out0             ;
; |uartDebug|controlUart:controlUart0|rst:rstPrLj3|input~1                                                             ; |uartDebug|controlUart:controlUart0|rst:rstPrLj3|input~1                                                             ; out0             ;
; |uartDebug|controlUart:controlUart0|rst:rstPrLj3|input~2                                                             ; |uartDebug|controlUart:controlUart0|rst:rstPrLj3|input~2                                                             ; out0             ;
; |uartDebug|controlUart:controlUart0|rst:rstPrLj3|input~3                                                             ; |uartDebug|controlUart:controlUart0|rst:rstPrLj3|input~3                                                             ; out0             ;
; |uartDebug|controlUart:controlUart0|rst:rstPrLj3|input                                                               ; |uartDebug|controlUart:controlUart0|rst:rstPrLj3|input                                                               ; out0             ;
; |uartDebug|controlUart:controlUart0|rst:rstPrLj3|bascDReset:bascDReset0|int_q                                        ; |uartDebug|controlUart:controlUart0|rst:rstPrLj3|bascDReset:bascDReset0|int_q                                        ; regout           ;
; |uartDebug|controlUart:controlUart0|rst:rstPrLj2|input~0                                                             ; |uartDebug|controlUart:controlUart0|rst:rstPrLj2|input~0                                                             ; out0             ;
; |uartDebug|controlUart:controlUart0|rst:rstPrLj2|input~1                                                             ; |uartDebug|controlUart:controlUart0|rst:rstPrLj2|input~1                                                             ; out0             ;
; |uartDebug|controlUart:controlUart0|rst:rstPrLj2|input~2                                                             ; |uartDebug|controlUart:controlUart0|rst:rstPrLj2|input~2                                                             ; out0             ;
; |uartDebug|controlUart:controlUart0|rst:rstPrLj2|input~3                                                             ; |uartDebug|controlUart:controlUart0|rst:rstPrLj2|input~3                                                             ; out0             ;
; |uartDebug|controlUart:controlUart0|rst:rstPrLj2|input                                                               ; |uartDebug|controlUart:controlUart0|rst:rstPrLj2|input                                                               ; out0             ;
; |uartDebug|controlUart:controlUart0|rst:rstPrLj2|bascDReset:bascDReset0|int_q                                        ; |uartDebug|controlUart:controlUart0|rst:rstPrLj2|bascDReset:bascDReset0|int_q                                        ; regout           ;
; |uartDebug|controlUart:controlUart0|rst:rstPrLj1|input~0                                                             ; |uartDebug|controlUart:controlUart0|rst:rstPrLj1|input~0                                                             ; out0             ;
; |uartDebug|controlUart:controlUart0|rst:rstPrLj1|input~1                                                             ; |uartDebug|controlUart:controlUart0|rst:rstPrLj1|input~1                                                             ; out0             ;
; |uartDebug|controlUart:controlUart0|rst:rstPrLj1|input~2                                                             ; |uartDebug|controlUart:controlUart0|rst:rstPrLj1|input~2                                                             ; out0             ;
; |uartDebug|controlUart:controlUart0|rst:rstPrLj1|input~3                                                             ; |uartDebug|controlUart:controlUart0|rst:rstPrLj1|input~3                                                             ; out0             ;
; |uartDebug|controlUart:controlUart0|rst:rstPrLj1|input                                                               ; |uartDebug|controlUart:controlUart0|rst:rstPrLj1|input                                                               ; out0             ;
; |uartDebug|controlUart:controlUart0|rst:rstPrLj1|bascDReset:bascDReset0|int_q                                        ; |uartDebug|controlUart:controlUart0|rst:rstPrLj1|bascDReset:bascDReset0|int_q                                        ; regout           ;
; |uartDebug|controlUart:controlUart0|rst:rstPrLj0|input~0                                                             ; |uartDebug|controlUart:controlUart0|rst:rstPrLj0|input~0                                                             ; out0             ;
; |uartDebug|controlUart:controlUart0|rst:rstPrLj0|input~1                                                             ; |uartDebug|controlUart:controlUart0|rst:rstPrLj0|input~1                                                             ; out0             ;
; |uartDebug|controlUart:controlUart0|rst:rstPrLj0|input~2                                                             ; |uartDebug|controlUart:controlUart0|rst:rstPrLj0|input~2                                                             ; out0             ;
; |uartDebug|controlUart:controlUart0|rst:rstPrLj0|input~3                                                             ; |uartDebug|controlUart:controlUart0|rst:rstPrLj0|input~3                                                             ; out0             ;
; |uartDebug|controlUart:controlUart0|rst:rstPrLj0|input                                                               ; |uartDebug|controlUart:controlUart0|rst:rstPrLj0|input                                                               ; out0             ;
; |uartDebug|controlUart:controlUart0|rst:rstPrLj0|bascDReset:bascDReset0|int_q                                        ; |uartDebug|controlUart:controlUart0|rst:rstPrLj0|bascDReset:bascDReset0|int_q                                        ; regout           ;
; |uartDebug|controlUart:controlUart0|PL:PrLj|input~0                                                                  ; |uartDebug|controlUart:controlUart0|PL:PrLj|input~0                                                                  ; out0             ;
; |uartDebug|controlUart:controlUart0|PL:PrLj|input~1                                                                  ; |uartDebug|controlUart:controlUart0|PL:PrLj|input~1                                                                  ; out0             ;
; |uartDebug|controlUart:controlUart0|PL:PrLj|input~2                                                                  ; |uartDebug|controlUart:controlUart0|PL:PrLj|input~2                                                                  ; out0             ;
; |uartDebug|controlUart:controlUart0|PL:PrLj|input~3                                                                  ; |uartDebug|controlUart:controlUart0|PL:PrLj|input~3                                                                  ; out0             ;
; |uartDebug|controlUart:controlUart0|PL:PrLj|input~4                                                                  ; |uartDebug|controlUart:controlUart0|PL:PrLj|input~4                                                                  ; out0             ;
; |uartDebug|controlUart:controlUart0|PL:PrLj|input~5                                                                  ; |uartDebug|controlUart:controlUart0|PL:PrLj|input~5                                                                  ; out0             ;
; |uartDebug|controlUart:controlUart0|PL:PrLj|input~6                                                                  ; |uartDebug|controlUart:controlUart0|PL:PrLj|input~6                                                                  ; out0             ;
; |uartDebug|controlUart:controlUart0|PL:PrLj|input[0]                                                                 ; |uartDebug|controlUart:controlUart0|PL:PrLj|input[0]                                                                 ; out0             ;
; |uartDebug|controlUart:controlUart0|PL:PrLj|input~7                                                                  ; |uartDebug|controlUart:controlUart0|PL:PrLj|input~7                                                                  ; out0             ;
; |uartDebug|controlUart:controlUart0|PL:PrLj|input~8                                                                  ; |uartDebug|controlUart:controlUart0|PL:PrLj|input~8                                                                  ; out0             ;
; |uartDebug|controlUart:controlUart0|PL:PrLj|input~9                                                                  ; |uartDebug|controlUart:controlUart0|PL:PrLj|input~9                                                                  ; out0             ;
; |uartDebug|controlUart:controlUart0|PL:PrLj|input~10                                                                 ; |uartDebug|controlUart:controlUart0|PL:PrLj|input~10                                                                 ; out0             ;
; |uartDebug|controlUart:controlUart0|PL:PrLj|input~11                                                                 ; |uartDebug|controlUart:controlUart0|PL:PrLj|input~11                                                                 ; out0             ;
; |uartDebug|controlUart:controlUart0|PL:PrLj|input[1]                                                                 ; |uartDebug|controlUart:controlUart0|PL:PrLj|input[1]                                                                 ; out0             ;
; |uartDebug|controlUart:controlUart0|PL:PrLj|input~12                                                                 ; |uartDebug|controlUart:controlUart0|PL:PrLj|input~12                                                                 ; out0             ;
; |uartDebug|controlUart:controlUart0|PL:PrLj|input~13                                                                 ; |uartDebug|controlUart:controlUart0|PL:PrLj|input~13                                                                 ; out0             ;
; |uartDebug|controlUart:controlUart0|PL:PrLj|input~14                                                                 ; |uartDebug|controlUart:controlUart0|PL:PrLj|input~14                                                                 ; out0             ;
; |uartDebug|controlUart:controlUart0|PL:PrLj|input~15                                                                 ; |uartDebug|controlUart:controlUart0|PL:PrLj|input~15                                                                 ; out0             ;
; |uartDebug|controlUart:controlUart0|PL:PrLj|input~16                                                                 ; |uartDebug|controlUart:controlUart0|PL:PrLj|input~16                                                                 ; out0             ;
; |uartDebug|controlUart:controlUart0|PL:PrLj|input~17                                                                 ; |uartDebug|controlUart:controlUart0|PL:PrLj|input~17                                                                 ; out0             ;
; |uartDebug|controlUart:controlUart0|PL:PrLj|input~18                                                                 ; |uartDebug|controlUart:controlUart0|PL:PrLj|input~18                                                                 ; out0             ;
; |uartDebug|controlUart:controlUart0|PL:PrLj|input[2]                                                                 ; |uartDebug|controlUart:controlUart0|PL:PrLj|input[2]                                                                 ; out0             ;
; |uartDebug|controlUart:controlUart0|PL:PrLj|bascDReset:bascDReset2|int_q                                             ; |uartDebug|controlUart:controlUart0|PL:PrLj|bascDReset:bascDReset2|int_q                                             ; regout           ;
; |uartDebug|controlUart:controlUart0|PL:PrLj|bascDReset:bascDReset1|int_q                                             ; |uartDebug|controlUart:controlUart0|PL:PrLj|bascDReset:bascDReset1|int_q                                             ; regout           ;
; |uartDebug|controlUart:controlUart0|PL:PrLj|bascDReset:bascDReset0|int_q                                             ; |uartDebug|controlUart:controlUart0|PL:PrLj|bascDReset:bascDReset0|int_q                                             ; regout           ;
; |uartDebug|controlUart:controlUart0|rst:rstPrLv5|input~0                                                             ; |uartDebug|controlUart:controlUart0|rst:rstPrLv5|input~0                                                             ; out0             ;
; |uartDebug|controlUart:controlUart0|rst:rstPrLv5|input~1                                                             ; |uartDebug|controlUart:controlUart0|rst:rstPrLv5|input~1                                                             ; out0             ;
; |uartDebug|controlUart:controlUart0|rst:rstPrLv5|input~2                                                             ; |uartDebug|controlUart:controlUart0|rst:rstPrLv5|input~2                                                             ; out0             ;
; |uartDebug|controlUart:controlUart0|rst:rstPrLv5|input~3                                                             ; |uartDebug|controlUart:controlUart0|rst:rstPrLv5|input~3                                                             ; out0             ;
; |uartDebug|controlUart:controlUart0|rst:rstPrLv5|input                                                               ; |uartDebug|controlUart:controlUart0|rst:rstPrLv5|input                                                               ; out0             ;
; |uartDebug|controlUart:controlUart0|rst:rstPrLv5|bascDReset:bascDReset0|int_q                                        ; |uartDebug|controlUart:controlUart0|rst:rstPrLv5|bascDReset:bascDReset0|int_q                                        ; regout           ;
; |uartDebug|controlUart:controlUart0|rst:rstPrLv4|input~0                                                             ; |uartDebug|controlUart:controlUart0|rst:rstPrLv4|input~0                                                             ; out0             ;
; |uartDebug|controlUart:controlUart0|rst:rstPrLv4|input~1                                                             ; |uartDebug|controlUart:controlUart0|rst:rstPrLv4|input~1                                                             ; out0             ;
; |uartDebug|controlUart:controlUart0|rst:rstPrLv4|input~2                                                             ; |uartDebug|controlUart:controlUart0|rst:rstPrLv4|input~2                                                             ; out0             ;
; |uartDebug|controlUart:controlUart0|rst:rstPrLv4|input~3                                                             ; |uartDebug|controlUart:controlUart0|rst:rstPrLv4|input~3                                                             ; out0             ;
; |uartDebug|controlUart:controlUart0|rst:rstPrLv4|input                                                               ; |uartDebug|controlUart:controlUart0|rst:rstPrLv4|input                                                               ; out0             ;
; |uartDebug|controlUart:controlUart0|rst:rstPrLv4|bascDReset:bascDReset0|int_q                                        ; |uartDebug|controlUart:controlUart0|rst:rstPrLv4|bascDReset:bascDReset0|int_q                                        ; regout           ;
; |uartDebug|controlUart:controlUart0|rst:rstPrLv3|input~0                                                             ; |uartDebug|controlUart:controlUart0|rst:rstPrLv3|input~0                                                             ; out0             ;
; |uartDebug|controlUart:controlUart0|rst:rstPrLv3|input~1                                                             ; |uartDebug|controlUart:controlUart0|rst:rstPrLv3|input~1                                                             ; out0             ;
; |uartDebug|controlUart:controlUart0|rst:rstPrLv3|input~2                                                             ; |uartDebug|controlUart:controlUart0|rst:rstPrLv3|input~2                                                             ; out0             ;
; |uartDebug|controlUart:controlUart0|rst:rstPrLv3|input~3                                                             ; |uartDebug|controlUart:controlUart0|rst:rstPrLv3|input~3                                                             ; out0             ;
; |uartDebug|controlUart:controlUart0|rst:rstPrLv3|input                                                               ; |uartDebug|controlUart:controlUart0|rst:rstPrLv3|input                                                               ; out0             ;
; |uartDebug|controlUart:controlUart0|rst:rstPrLv3|bascDReset:bascDReset0|int_q                                        ; |uartDebug|controlUart:controlUart0|rst:rstPrLv3|bascDReset:bascDReset0|int_q                                        ; regout           ;
; |uartDebug|controlUart:controlUart0|rst:rstPrLv2|input~0                                                             ; |uartDebug|controlUart:controlUart0|rst:rstPrLv2|input~0                                                             ; out0             ;
; |uartDebug|controlUart:controlUart0|rst:rstPrLv2|input~1                                                             ; |uartDebug|controlUart:controlUart0|rst:rstPrLv2|input~1                                                             ; out0             ;
; |uartDebug|controlUart:controlUart0|rst:rstPrLv2|input~2                                                             ; |uartDebug|controlUart:controlUart0|rst:rstPrLv2|input~2                                                             ; out0             ;
; |uartDebug|controlUart:controlUart0|rst:rstPrLv2|input~3                                                             ; |uartDebug|controlUart:controlUart0|rst:rstPrLv2|input~3                                                             ; out0             ;
; |uartDebug|controlUart:controlUart0|rst:rstPrLv2|input                                                               ; |uartDebug|controlUart:controlUart0|rst:rstPrLv2|input                                                               ; out0             ;
; |uartDebug|controlUart:controlUart0|rst:rstPrLv2|bascDReset:bascDReset0|int_q                                        ; |uartDebug|controlUart:controlUart0|rst:rstPrLv2|bascDReset:bascDReset0|int_q                                        ; regout           ;
; |uartDebug|controlUart:controlUart0|rst:rstPrLv1|input~0                                                             ; |uartDebug|controlUart:controlUart0|rst:rstPrLv1|input~0                                                             ; out0             ;
; |uartDebug|controlUart:controlUart0|rst:rstPrLv1|input~1                                                             ; |uartDebug|controlUart:controlUart0|rst:rstPrLv1|input~1                                                             ; out0             ;
; |uartDebug|controlUart:controlUart0|rst:rstPrLv1|input~2                                                             ; |uartDebug|controlUart:controlUart0|rst:rstPrLv1|input~2                                                             ; out0             ;
; |uartDebug|controlUart:controlUart0|rst:rstPrLv1|input~3                                                             ; |uartDebug|controlUart:controlUart0|rst:rstPrLv1|input~3                                                             ; out0             ;
; |uartDebug|controlUart:controlUart0|rst:rstPrLv1|input                                                               ; |uartDebug|controlUart:controlUart0|rst:rstPrLv1|input                                                               ; out0             ;
; |uartDebug|controlUart:controlUart0|rst:rstPrLv1|bascDReset:bascDReset0|int_q                                        ; |uartDebug|controlUart:controlUart0|rst:rstPrLv1|bascDReset:bascDReset0|int_q                                        ; regout           ;
; |uartDebug|controlUart:controlUart0|rst:rstPrLv0|input~0                                                             ; |uartDebug|controlUart:controlUart0|rst:rstPrLv0|input~0                                                             ; out0             ;
; |uartDebug|controlUart:controlUart0|rst:rstPrLv0|input~1                                                             ; |uartDebug|controlUart:controlUart0|rst:rstPrLv0|input~1                                                             ; out0             ;
; |uartDebug|controlUart:controlUart0|rst:rstPrLv0|input~2                                                             ; |uartDebug|controlUart:controlUart0|rst:rstPrLv0|input~2                                                             ; out0             ;
; |uartDebug|controlUart:controlUart0|rst:rstPrLv0|input~3                                                             ; |uartDebug|controlUart:controlUart0|rst:rstPrLv0|input~3                                                             ; out0             ;
; |uartDebug|controlUart:controlUart0|rst:rstPrLv0|input                                                               ; |uartDebug|controlUart:controlUart0|rst:rstPrLv0|input                                                               ; out0             ;
; |uartDebug|controlUart:controlUart0|rst:rstPrLv0|bascDReset:bascDReset0|int_q                                        ; |uartDebug|controlUart:controlUart0|rst:rstPrLv0|bascDReset:bascDReset0|int_q                                        ; regout           ;
; |uartDebug|controlUart:controlUart0|PL:PrLv|input~0                                                                  ; |uartDebug|controlUart:controlUart0|PL:PrLv|input~0                                                                  ; out0             ;
; |uartDebug|controlUart:controlUart0|PL:PrLv|input~1                                                                  ; |uartDebug|controlUart:controlUart0|PL:PrLv|input~1                                                                  ; out0             ;
; |uartDebug|controlUart:controlUart0|PL:PrLv|input~2                                                                  ; |uartDebug|controlUart:controlUart0|PL:PrLv|input~2                                                                  ; out0             ;
; |uartDebug|controlUart:controlUart0|PL:PrLv|input~3                                                                  ; |uartDebug|controlUart:controlUart0|PL:PrLv|input~3                                                                  ; out0             ;
; |uartDebug|controlUart:controlUart0|PL:PrLv|input~4                                                                  ; |uartDebug|controlUart:controlUart0|PL:PrLv|input~4                                                                  ; out0             ;
; |uartDebug|controlUart:controlUart0|PL:PrLv|input~5                                                                  ; |uartDebug|controlUart:controlUart0|PL:PrLv|input~5                                                                  ; out0             ;
; |uartDebug|controlUart:controlUart0|PL:PrLv|input~6                                                                  ; |uartDebug|controlUart:controlUart0|PL:PrLv|input~6                                                                  ; out0             ;
; |uartDebug|controlUart:controlUart0|PL:PrLv|input[0]                                                                 ; |uartDebug|controlUart:controlUart0|PL:PrLv|input[0]                                                                 ; out0             ;
; |uartDebug|controlUart:controlUart0|PL:PrLv|input~7                                                                  ; |uartDebug|controlUart:controlUart0|PL:PrLv|input~7                                                                  ; out0             ;
; |uartDebug|controlUart:controlUart0|PL:PrLv|input~8                                                                  ; |uartDebug|controlUart:controlUart0|PL:PrLv|input~8                                                                  ; out0             ;
; |uartDebug|controlUart:controlUart0|PL:PrLv|input~9                                                                  ; |uartDebug|controlUart:controlUart0|PL:PrLv|input~9                                                                  ; out0             ;
; |uartDebug|controlUart:controlUart0|PL:PrLv|input~10                                                                 ; |uartDebug|controlUart:controlUart0|PL:PrLv|input~10                                                                 ; out0             ;
; |uartDebug|controlUart:controlUart0|PL:PrLv|input~11                                                                 ; |uartDebug|controlUart:controlUart0|PL:PrLv|input~11                                                                 ; out0             ;
; |uartDebug|controlUart:controlUart0|PL:PrLv|input[1]                                                                 ; |uartDebug|controlUart:controlUart0|PL:PrLv|input[1]                                                                 ; out0             ;
; |uartDebug|controlUart:controlUart0|PL:PrLv|input~12                                                                 ; |uartDebug|controlUart:controlUart0|PL:PrLv|input~12                                                                 ; out0             ;
; |uartDebug|controlUart:controlUart0|PL:PrLv|input~13                                                                 ; |uartDebug|controlUart:controlUart0|PL:PrLv|input~13                                                                 ; out0             ;
; |uartDebug|controlUart:controlUart0|PL:PrLv|input~14                                                                 ; |uartDebug|controlUart:controlUart0|PL:PrLv|input~14                                                                 ; out0             ;
; |uartDebug|controlUart:controlUart0|PL:PrLv|input~15                                                                 ; |uartDebug|controlUart:controlUart0|PL:PrLv|input~15                                                                 ; out0             ;
; |uartDebug|controlUart:controlUart0|PL:PrLv|input~16                                                                 ; |uartDebug|controlUart:controlUart0|PL:PrLv|input~16                                                                 ; out0             ;
; |uartDebug|controlUart:controlUart0|PL:PrLv|input~17                                                                 ; |uartDebug|controlUart:controlUart0|PL:PrLv|input~17                                                                 ; out0             ;
; |uartDebug|controlUart:controlUart0|PL:PrLv|input~18                                                                 ; |uartDebug|controlUart:controlUart0|PL:PrLv|input~18                                                                 ; out0             ;
; |uartDebug|controlUart:controlUart0|PL:PrLv|input[2]                                                                 ; |uartDebug|controlUart:controlUart0|PL:PrLv|input[2]                                                                 ; out0             ;
; |uartDebug|controlUart:controlUart0|PL:PrLv|bascDReset:bascDReset2|int_q                                             ; |uartDebug|controlUart:controlUart0|PL:PrLv|bascDReset:bascDReset2|int_q                                             ; regout           ;
; |uartDebug|controlUart:controlUart0|PL:PrLv|bascDReset:bascDReset1|int_q                                             ; |uartDebug|controlUart:controlUart0|PL:PrLv|bascDReset:bascDReset1|int_q                                             ; regout           ;
; |uartDebug|controlUart:controlUart0|PL:PrLv|bascDReset:bascDReset0|int_q                                             ; |uartDebug|controlUart:controlUart0|PL:PrLv|bascDReset:bascDReset0|int_q                                             ; regout           ;
; |uartDebug|controlUart:controlUart0|rst:rstPjLr5|input~0                                                             ; |uartDebug|controlUart:controlUart0|rst:rstPjLr5|input~0                                                             ; out0             ;
; |uartDebug|controlUart:controlUart0|rst:rstPjLr5|input~1                                                             ; |uartDebug|controlUart:controlUart0|rst:rstPjLr5|input~1                                                             ; out0             ;
; |uartDebug|controlUart:controlUart0|rst:rstPjLr5|input~2                                                             ; |uartDebug|controlUart:controlUart0|rst:rstPjLr5|input~2                                                             ; out0             ;
; |uartDebug|controlUart:controlUart0|rst:rstPjLr5|input~3                                                             ; |uartDebug|controlUart:controlUart0|rst:rstPjLr5|input~3                                                             ; out0             ;
; |uartDebug|controlUart:controlUart0|rst:rstPjLr5|input                                                               ; |uartDebug|controlUart:controlUart0|rst:rstPjLr5|input                                                               ; out0             ;
; |uartDebug|controlUart:controlUart0|rst:rstPjLr5|bascDReset:bascDReset0|int_q                                        ; |uartDebug|controlUart:controlUart0|rst:rstPjLr5|bascDReset:bascDReset0|int_q                                        ; regout           ;
; |uartDebug|controlUart:controlUart0|rst:rstPjLr4|input~0                                                             ; |uartDebug|controlUart:controlUart0|rst:rstPjLr4|input~0                                                             ; out0             ;
; |uartDebug|controlUart:controlUart0|rst:rstPjLr4|input~1                                                             ; |uartDebug|controlUart:controlUart0|rst:rstPjLr4|input~1                                                             ; out0             ;
; |uartDebug|controlUart:controlUart0|rst:rstPjLr4|input~2                                                             ; |uartDebug|controlUart:controlUart0|rst:rstPjLr4|input~2                                                             ; out0             ;
; |uartDebug|controlUart:controlUart0|rst:rstPjLr4|input~3                                                             ; |uartDebug|controlUart:controlUart0|rst:rstPjLr4|input~3                                                             ; out0             ;
; |uartDebug|controlUart:controlUart0|rst:rstPjLr4|input                                                               ; |uartDebug|controlUart:controlUart0|rst:rstPjLr4|input                                                               ; out0             ;
; |uartDebug|controlUart:controlUart0|rst:rstPjLr4|bascDReset:bascDReset0|int_q                                        ; |uartDebug|controlUart:controlUart0|rst:rstPjLr4|bascDReset:bascDReset0|int_q                                        ; regout           ;
; |uartDebug|controlUart:controlUart0|rst:rstPjLr3|input~0                                                             ; |uartDebug|controlUart:controlUart0|rst:rstPjLr3|input~0                                                             ; out0             ;
; |uartDebug|controlUart:controlUart0|rst:rstPjLr3|input~1                                                             ; |uartDebug|controlUart:controlUart0|rst:rstPjLr3|input~1                                                             ; out0             ;
; |uartDebug|controlUart:controlUart0|rst:rstPjLr3|input~2                                                             ; |uartDebug|controlUart:controlUart0|rst:rstPjLr3|input~2                                                             ; out0             ;
; |uartDebug|controlUart:controlUart0|rst:rstPjLr3|input~3                                                             ; |uartDebug|controlUart:controlUart0|rst:rstPjLr3|input~3                                                             ; out0             ;
; |uartDebug|controlUart:controlUart0|rst:rstPjLr3|input                                                               ; |uartDebug|controlUart:controlUart0|rst:rstPjLr3|input                                                               ; out0             ;
; |uartDebug|controlUart:controlUart0|rst:rstPjLr3|bascDReset:bascDReset0|int_q                                        ; |uartDebug|controlUart:controlUart0|rst:rstPjLr3|bascDReset:bascDReset0|int_q                                        ; regout           ;
; |uartDebug|controlUart:controlUart0|rst:rstPjLr2|input~0                                                             ; |uartDebug|controlUart:controlUart0|rst:rstPjLr2|input~0                                                             ; out0             ;
; |uartDebug|controlUart:controlUart0|rst:rstPjLr2|input~1                                                             ; |uartDebug|controlUart:controlUart0|rst:rstPjLr2|input~1                                                             ; out0             ;
; |uartDebug|controlUart:controlUart0|rst:rstPjLr2|input~2                                                             ; |uartDebug|controlUart:controlUart0|rst:rstPjLr2|input~2                                                             ; out0             ;
; |uartDebug|controlUart:controlUart0|rst:rstPjLr2|input~3                                                             ; |uartDebug|controlUart:controlUart0|rst:rstPjLr2|input~3                                                             ; out0             ;
; |uartDebug|controlUart:controlUart0|rst:rstPjLr2|input                                                               ; |uartDebug|controlUart:controlUart0|rst:rstPjLr2|input                                                               ; out0             ;
; |uartDebug|controlUart:controlUart0|rst:rstPjLr2|bascDReset:bascDReset0|int_q                                        ; |uartDebug|controlUart:controlUart0|rst:rstPjLr2|bascDReset:bascDReset0|int_q                                        ; regout           ;
; |uartDebug|controlUart:controlUart0|rst:rstPjLr1|input~0                                                             ; |uartDebug|controlUart:controlUart0|rst:rstPjLr1|input~0                                                             ; out0             ;
; |uartDebug|controlUart:controlUart0|rst:rstPjLr1|input~1                                                             ; |uartDebug|controlUart:controlUart0|rst:rstPjLr1|input~1                                                             ; out0             ;
; |uartDebug|controlUart:controlUart0|rst:rstPjLr1|input~2                                                             ; |uartDebug|controlUart:controlUart0|rst:rstPjLr1|input~2                                                             ; out0             ;
; |uartDebug|controlUart:controlUart0|rst:rstPjLr1|input~3                                                             ; |uartDebug|controlUart:controlUart0|rst:rstPjLr1|input~3                                                             ; out0             ;
; |uartDebug|controlUart:controlUart0|rst:rstPjLr1|input                                                               ; |uartDebug|controlUart:controlUart0|rst:rstPjLr1|input                                                               ; out0             ;
; |uartDebug|controlUart:controlUart0|rst:rstPjLr1|bascDReset:bascDReset0|int_q                                        ; |uartDebug|controlUart:controlUart0|rst:rstPjLr1|bascDReset:bascDReset0|int_q                                        ; regout           ;
; |uartDebug|controlUart:controlUart0|rst:rstPjLr0|input~0                                                             ; |uartDebug|controlUart:controlUart0|rst:rstPjLr0|input~0                                                             ; out0             ;
; |uartDebug|controlUart:controlUart0|rst:rstPjLr0|input~1                                                             ; |uartDebug|controlUart:controlUart0|rst:rstPjLr0|input~1                                                             ; out0             ;
; |uartDebug|controlUart:controlUart0|rst:rstPjLr0|input~2                                                             ; |uartDebug|controlUart:controlUart0|rst:rstPjLr0|input~2                                                             ; out0             ;
; |uartDebug|controlUart:controlUart0|rst:rstPjLr0|input~3                                                             ; |uartDebug|controlUart:controlUart0|rst:rstPjLr0|input~3                                                             ; out0             ;
; |uartDebug|controlUart:controlUart0|rst:rstPjLr0|input                                                               ; |uartDebug|controlUart:controlUart0|rst:rstPjLr0|input                                                               ; out0             ;
; |uartDebug|controlUart:controlUart0|rst:rstPjLr0|bascDReset:bascDReset0|int_q                                        ; |uartDebug|controlUart:controlUart0|rst:rstPjLr0|bascDReset:bascDReset0|int_q                                        ; regout           ;
; |uartDebug|controlUart:controlUart0|PL:PjLr|input~0                                                                  ; |uartDebug|controlUart:controlUart0|PL:PjLr|input~0                                                                  ; out0             ;
; |uartDebug|controlUart:controlUart0|PL:PjLr|input~1                                                                  ; |uartDebug|controlUart:controlUart0|PL:PjLr|input~1                                                                  ; out0             ;
; |uartDebug|controlUart:controlUart0|PL:PjLr|input~2                                                                  ; |uartDebug|controlUart:controlUart0|PL:PjLr|input~2                                                                  ; out0             ;
; |uartDebug|controlUart:controlUart0|PL:PjLr|input~3                                                                  ; |uartDebug|controlUart:controlUart0|PL:PjLr|input~3                                                                  ; out0             ;
; |uartDebug|controlUart:controlUart0|PL:PjLr|input~4                                                                  ; |uartDebug|controlUart:controlUart0|PL:PjLr|input~4                                                                  ; out0             ;
; |uartDebug|controlUart:controlUart0|PL:PjLr|input~5                                                                  ; |uartDebug|controlUart:controlUart0|PL:PjLr|input~5                                                                  ; out0             ;
; |uartDebug|controlUart:controlUart0|PL:PjLr|input~6                                                                  ; |uartDebug|controlUart:controlUart0|PL:PjLr|input~6                                                                  ; out0             ;
; |uartDebug|controlUart:controlUart0|PL:PjLr|input[0]                                                                 ; |uartDebug|controlUart:controlUart0|PL:PjLr|input[0]                                                                 ; out0             ;
; |uartDebug|controlUart:controlUart0|PL:PjLr|input~7                                                                  ; |uartDebug|controlUart:controlUart0|PL:PjLr|input~7                                                                  ; out0             ;
; |uartDebug|controlUart:controlUart0|PL:PjLr|input~8                                                                  ; |uartDebug|controlUart:controlUart0|PL:PjLr|input~8                                                                  ; out0             ;
; |uartDebug|controlUart:controlUart0|PL:PjLr|input~9                                                                  ; |uartDebug|controlUart:controlUart0|PL:PjLr|input~9                                                                  ; out0             ;
; |uartDebug|controlUart:controlUart0|PL:PjLr|input~10                                                                 ; |uartDebug|controlUart:controlUart0|PL:PjLr|input~10                                                                 ; out0             ;
; |uartDebug|controlUart:controlUart0|PL:PjLr|input~11                                                                 ; |uartDebug|controlUart:controlUart0|PL:PjLr|input~11                                                                 ; out0             ;
; |uartDebug|controlUart:controlUart0|PL:PjLr|input[1]                                                                 ; |uartDebug|controlUart:controlUart0|PL:PjLr|input[1]                                                                 ; out0             ;
; |uartDebug|controlUart:controlUart0|PL:PjLr|input~12                                                                 ; |uartDebug|controlUart:controlUart0|PL:PjLr|input~12                                                                 ; out0             ;
; |uartDebug|controlUart:controlUart0|PL:PjLr|input~13                                                                 ; |uartDebug|controlUart:controlUart0|PL:PjLr|input~13                                                                 ; out0             ;
; |uartDebug|controlUart:controlUart0|PL:PjLr|input~14                                                                 ; |uartDebug|controlUart:controlUart0|PL:PjLr|input~14                                                                 ; out0             ;
; |uartDebug|controlUart:controlUart0|PL:PjLr|input~15                                                                 ; |uartDebug|controlUart:controlUart0|PL:PjLr|input~15                                                                 ; out0             ;
; |uartDebug|controlUart:controlUart0|PL:PjLr|input~16                                                                 ; |uartDebug|controlUart:controlUart0|PL:PjLr|input~16                                                                 ; out0             ;
; |uartDebug|controlUart:controlUart0|PL:PjLr|input~17                                                                 ; |uartDebug|controlUart:controlUart0|PL:PjLr|input~17                                                                 ; out0             ;
; |uartDebug|controlUart:controlUart0|PL:PjLr|input~18                                                                 ; |uartDebug|controlUart:controlUart0|PL:PjLr|input~18                                                                 ; out0             ;
; |uartDebug|controlUart:controlUart0|PL:PjLr|input[2]                                                                 ; |uartDebug|controlUart:controlUart0|PL:PjLr|input[2]                                                                 ; out0             ;
; |uartDebug|controlUart:controlUart0|PL:PjLr|bascDReset:bascDReset2|int_q                                             ; |uartDebug|controlUart:controlUart0|PL:PjLr|bascDReset:bascDReset2|int_q                                             ; regout           ;
; |uartDebug|controlUart:controlUart0|PL:PjLr|bascDReset:bascDReset1|int_q                                             ; |uartDebug|controlUart:controlUart0|PL:PjLr|bascDReset:bascDReset1|int_q                                             ; regout           ;
; |uartDebug|controlUart:controlUart0|PL:PjLr|bascDReset:bascDReset0|int_q                                             ; |uartDebug|controlUart:controlUart0|PL:PjLr|bascDReset:bascDReset0|int_q                                             ; regout           ;
; |uartDebug|controlUart:controlUart0|PL:PvLr|input~5                                                                  ; |uartDebug|controlUart:controlUart0|PL:PvLr|input~5                                                                  ; out0             ;
; |uartDebug|controlUart:controlUart0|PL:PvLr|input~6                                                                  ; |uartDebug|controlUart:controlUart0|PL:PvLr|input~6                                                                  ; out0             ;
; |uartDebug|controlUart:controlUart0|PL:PvLr|input~8                                                                  ; |uartDebug|controlUart:controlUart0|PL:PvLr|input~8                                                                  ; out0             ;
; |uartDebug|controlUart:controlUart0|PL:PvLr|input~9                                                                  ; |uartDebug|controlUart:controlUart0|PL:PvLr|input~9                                                                  ; out0             ;
; |uartDebug|controlUart:controlUart0|PL:PvLr|input~13                                                                 ; |uartDebug|controlUart:controlUart0|PL:PvLr|input~13                                                                 ; out0             ;
; |uartDebug|controlUart:controlUart0|PL:PvLr|input~14                                                                 ; |uartDebug|controlUart:controlUart0|PL:PvLr|input~14                                                                 ; out0             ;
; |uartDebug|controlUart:controlUart0|PL:PvLr|input~16                                                                 ; |uartDebug|controlUart:controlUart0|PL:PvLr|input~16                                                                 ; out0             ;
; |uartDebug|controlUart:controlUart0|PL:PvLr|bascDReset:bascDReset2|int_q                                             ; |uartDebug|controlUart:controlUart0|PL:PvLr|bascDReset:bascDReset2|int_q                                             ; regout           ;
; |uartDebug|controlUart:controlUart0|fsm:fsm0|input~0                                                                 ; |uartDebug|controlUart:controlUart0|fsm:fsm0|input~0                                                                 ; out0             ;
; |uartDebug|controlUart:controlUart0|fsm:fsm0|input~1                                                                 ; |uartDebug|controlUart:controlUart0|fsm:fsm0|input~1                                                                 ; out0             ;
; |uartDebug|controlUart:controlUart0|fsm:fsm0|input~2                                                                 ; |uartDebug|controlUart:controlUart0|fsm:fsm0|input~2                                                                 ; out0             ;
; |uartDebug|controlUart:controlUart0|fsm:fsm0|input~3                                                                 ; |uartDebug|controlUart:controlUart0|fsm:fsm0|input~3                                                                 ; out0             ;
; |uartDebug|controlUart:controlUart0|fsm:fsm0|input~4                                                                 ; |uartDebug|controlUart:controlUart0|fsm:fsm0|input~4                                                                 ; out0             ;
; |uartDebug|controlUart:controlUart0|fsm:fsm0|input~5                                                                 ; |uartDebug|controlUart:controlUart0|fsm:fsm0|input~5                                                                 ; out0             ;
; |uartDebug|controlUart:controlUart0|fsm:fsm0|input~6                                                                 ; |uartDebug|controlUart:controlUart0|fsm:fsm0|input~6                                                                 ; out0             ;
; |uartDebug|controlUart:controlUart0|fsm:fsm0|input[0]                                                                ; |uartDebug|controlUart:controlUart0|fsm:fsm0|input[0]                                                                ; out0             ;
; |uartDebug|controlUart:controlUart0|fsm:fsm0|input~7                                                                 ; |uartDebug|controlUart:controlUart0|fsm:fsm0|input~7                                                                 ; out0             ;
; |uartDebug|controlUart:controlUart0|fsm:fsm0|input~8                                                                 ; |uartDebug|controlUart:controlUart0|fsm:fsm0|input~8                                                                 ; out0             ;
; |uartDebug|controlUart:controlUart0|fsm:fsm0|input~9                                                                 ; |uartDebug|controlUart:controlUart0|fsm:fsm0|input~9                                                                 ; out0             ;
; |uartDebug|controlUart:controlUart0|fsm:fsm0|input~10                                                                ; |uartDebug|controlUart:controlUart0|fsm:fsm0|input~10                                                                ; out0             ;
; |uartDebug|controlUart:controlUart0|fsm:fsm0|input~11                                                                ; |uartDebug|controlUart:controlUart0|fsm:fsm0|input~11                                                                ; out0             ;
; |uartDebug|controlUart:controlUart0|fsm:fsm0|input~12                                                                ; |uartDebug|controlUart:controlUart0|fsm:fsm0|input~12                                                                ; out0             ;
; |uartDebug|controlUart:controlUart0|fsm:fsm0|input~13                                                                ; |uartDebug|controlUart:controlUart0|fsm:fsm0|input~13                                                                ; out0             ;
; |uartDebug|controlUart:controlUart0|fsm:fsm0|input[1]                                                                ; |uartDebug|controlUart:controlUart0|fsm:fsm0|input[1]                                                                ; out0             ;
; |uartDebug|controlUart:controlUart0|fsm:fsm0|bascDReset:bascDReset1|int_q                                            ; |uartDebug|controlUart:controlUart0|fsm:fsm0|bascDReset:bascDReset1|int_q                                            ; regout           ;
; |uartDebug|controlUart:controlUart0|fsm:fsm0|bascDReset:bascDReset0|int_q                                            ; |uartDebug|controlUart:controlUart0|fsm:fsm0|bascDReset:bascDReset0|int_q                                            ; regout           ;
; |uartDebug|controlUart:controlUart0|lightControl:lightControl0|controller:contr|dsig~0                               ; |uartDebug|controlUart:controlUart0|lightControl:lightControl0|controller:contr|dsig~0                               ; out0             ;
; |uartDebug|controlUart:controlUart0|lightControl:lightControl0|controller:contr|dsig~1                               ; |uartDebug|controlUart:controlUart0|lightControl:lightControl0|controller:contr|dsig~1                               ; out0             ;
; |uartDebug|controlUart:controlUart0|lightControl:lightControl0|controller:contr|dsig~2                               ; |uartDebug|controlUart:controlUart0|lightControl:lightControl0|controller:contr|dsig~2                               ; out0             ;
; |uartDebug|controlUart:controlUart0|lightControl:lightControl0|controller:contr|dsig~3                               ; |uartDebug|controlUart:controlUart0|lightControl:lightControl0|controller:contr|dsig~3                               ; out0             ;
; |uartDebug|controlUart:controlUart0|lightControl:lightControl0|controller:contr|dsig~4                               ; |uartDebug|controlUart:controlUart0|lightControl:lightControl0|controller:contr|dsig~4                               ; out0             ;
; |uartDebug|controlUart:controlUart0|lightControl:lightControl0|controller:contr|dsig~5                               ; |uartDebug|controlUart:controlUart0|lightControl:lightControl0|controller:contr|dsig~5                               ; out0             ;
; |uartDebug|controlUart:controlUart0|lightControl:lightControl0|controller:contr|dsig[0]                              ; |uartDebug|controlUart:controlUart0|lightControl:lightControl0|controller:contr|dsig[0]                              ; out0             ;
; |uartDebug|controlUart:controlUart0|lightControl:lightControl0|controller:contr|dsig~6                               ; |uartDebug|controlUart:controlUart0|lightControl:lightControl0|controller:contr|dsig~6                               ; out0             ;
; |uartDebug|controlUart:controlUart0|lightControl:lightControl0|controller:contr|dsig~7                               ; |uartDebug|controlUart:controlUart0|lightControl:lightControl0|controller:contr|dsig~7                               ; out0             ;
; |uartDebug|controlUart:controlUart0|lightControl:lightControl0|controller:contr|dsig~8                               ; |uartDebug|controlUart:controlUart0|lightControl:lightControl0|controller:contr|dsig~8                               ; out0             ;
; |uartDebug|controlUart:controlUart0|lightControl:lightControl0|controller:contr|dsig~9                               ; |uartDebug|controlUart:controlUart0|lightControl:lightControl0|controller:contr|dsig~9                               ; out0             ;
; |uartDebug|controlUart:controlUart0|lightControl:lightControl0|controller:contr|dsig~10                              ; |uartDebug|controlUart:controlUart0|lightControl:lightControl0|controller:contr|dsig~10                              ; out0             ;
; |uartDebug|controlUart:controlUart0|lightControl:lightControl0|controller:contr|dsig[1]                              ; |uartDebug|controlUart:controlUart0|lightControl:lightControl0|controller:contr|dsig[1]                              ; out0             ;
; |uartDebug|controlUart:controlUart0|lightControl:lightControl0|controller:contr|mstl[1]                              ; |uartDebug|controlUart:controlUart0|lightControl:lightControl0|controller:contr|mstl[1]                              ; out0             ;
; |uartDebug|controlUart:controlUart0|lightControl:lightControl0|controller:contr|mstl[2]                              ; |uartDebug|controlUart:controlUart0|lightControl:lightControl0|controller:contr|mstl[2]                              ; out0             ;
; |uartDebug|controlUart:controlUart0|lightControl:lightControl0|controller:contr|sstl[1]                              ; |uartDebug|controlUart:controlUart0|lightControl:lightControl0|controller:contr|sstl[1]                              ; out0             ;
; |uartDebug|controlUart:controlUart0|lightControl:lightControl0|controller:contr|sstl[2]                              ; |uartDebug|controlUart:controlUart0|lightControl:lightControl0|controller:contr|sstl[2]                              ; out0             ;
; |uartDebug|controlUart:controlUart0|lightControl:lightControl0|controller:contr|bascDReset:basc1|int_q               ; |uartDebug|controlUart:controlUart0|lightControl:lightControl0|controller:contr|bascDReset:basc1|int_q               ; regout           ;
; |uartDebug|controlUart:controlUart0|lightControl:lightControl0|controller:contr|bascDReset:basc0|int_q               ; |uartDebug|controlUart:controlUart0|lightControl:lightControl0|controller:contr|bascDReset:basc0|int_q               ; regout           ;
; |uartDebug|controlUart:controlUart0|lightControl:lightControl0|dataPath:data|r_out                                   ; |uartDebug|controlUart:controlUart0|lightControl:lightControl0|dataPath:data|r_out                                   ; out0             ;
; |uartDebug|controlUart:controlUart0|lightControl:lightControl0|dataPath:data|mux41_1bit:mux|s~0                      ; |uartDebug|controlUart:controlUart0|lightControl:lightControl0|dataPath:data|mux41_1bit:mux|s~0                      ; out0             ;
; |uartDebug|controlUart:controlUart0|lightControl:lightControl0|dataPath:data|mux41_1bit:mux|s~1                      ; |uartDebug|controlUart:controlUart0|lightControl:lightControl0|dataPath:data|mux41_1bit:mux|s~1                      ; out0             ;
; |uartDebug|controlUart:controlUart0|lightControl:lightControl0|dataPath:data|mux41_1bit:mux|s~2                      ; |uartDebug|controlUart:controlUart0|lightControl:lightControl0|dataPath:data|mux41_1bit:mux|s~2                      ; out0             ;
; |uartDebug|controlUart:controlUart0|lightControl:lightControl0|dataPath:data|mux41_1bit:mux|s~3                      ; |uartDebug|controlUart:controlUart0|lightControl:lightControl0|dataPath:data|mux41_1bit:mux|s~3                      ; out0             ;
; |uartDebug|controlUart:controlUart0|lightControl:lightControl0|dataPath:data|mux41_1bit:mux|s~4                      ; |uartDebug|controlUart:controlUart0|lightControl:lightControl0|dataPath:data|mux41_1bit:mux|s~4                      ; out0             ;
; |uartDebug|controlUart:controlUart0|lightControl:lightControl0|dataPath:data|mux41_1bit:mux|s~5                      ; |uartDebug|controlUart:controlUart0|lightControl:lightControl0|dataPath:data|mux41_1bit:mux|s~5                      ; out0             ;
; |uartDebug|controlUart:controlUart0|lightControl:lightControl0|dataPath:data|mux41_1bit:mux|s~6                      ; |uartDebug|controlUart:controlUart0|lightControl:lightControl0|dataPath:data|mux41_1bit:mux|s~6                      ; out0             ;
; |uartDebug|controlUart:controlUart0|lightControl:lightControl0|dataPath:data|mux41_1bit:mux|s~7                      ; |uartDebug|controlUart:controlUart0|lightControl:lightControl0|dataPath:data|mux41_1bit:mux|s~7                      ; out0             ;
; |uartDebug|controlUart:controlUart0|lightControl:lightControl0|dataPath:data|mux41_1bit:mux|s~8                      ; |uartDebug|controlUart:controlUart0|lightControl:lightControl0|dataPath:data|mux41_1bit:mux|s~8                      ; out0             ;
; |uartDebug|controlUart:controlUart0|lightControl:lightControl0|dataPath:data|mux41_1bit:mux|s~9                      ; |uartDebug|controlUart:controlUart0|lightControl:lightControl0|dataPath:data|mux41_1bit:mux|s~9                      ; out0             ;
; |uartDebug|controlUart:controlUart0|lightControl:lightControl0|dataPath:data|mux41_1bit:mux|s                        ; |uartDebug|controlUart:controlUart0|lightControl:lightControl0|dataPath:data|mux41_1bit:mux|s                        ; out0             ;
; |uartDebug|controlUart:controlUart0|lightControl:lightControl0|dataPath:data|comp4bits:compSst|s~0                   ; |uartDebug|controlUart:controlUart0|lightControl:lightControl0|dataPath:data|comp4bits:compSst|s~0                   ; out0             ;
; |uartDebug|controlUart:controlUart0|lightControl:lightControl0|dataPath:data|comp4bits:compSst|s~1                   ; |uartDebug|controlUart:controlUart0|lightControl:lightControl0|dataPath:data|comp4bits:compSst|s~1                   ; out0             ;
; |uartDebug|controlUart:controlUart0|lightControl:lightControl0|dataPath:data|comp4bits:compSst|s                     ; |uartDebug|controlUart:controlUart0|lightControl:lightControl0|dataPath:data|comp4bits:compSst|s                     ; out0             ;
; |uartDebug|controlUart:controlUart0|lightControl:lightControl0|dataPath:data|comp4bits:compMst|s~0                   ; |uartDebug|controlUart:controlUart0|lightControl:lightControl0|dataPath:data|comp4bits:compMst|s~0                   ; out0             ;
; |uartDebug|controlUart:controlUart0|lightControl:lightControl0|dataPath:data|comp4bits:compMst|s~1                   ; |uartDebug|controlUart:controlUart0|lightControl:lightControl0|dataPath:data|comp4bits:compMst|s~1                   ; out0             ;
; |uartDebug|controlUart:controlUart0|lightControl:lightControl0|dataPath:data|comp4bits:compMst|s                     ; |uartDebug|controlUart:controlUart0|lightControl:lightControl0|dataPath:data|comp4bits:compMst|s                     ; out0             ;
; |uartDebug|controlUart:controlUart0|lightControl:lightControl0|dataPath:data|comp4bits:compSsc|s~0                   ; |uartDebug|controlUart:controlUart0|lightControl:lightControl0|dataPath:data|comp4bits:compSsc|s~0                   ; out0             ;
; |uartDebug|controlUart:controlUart0|lightControl:lightControl0|dataPath:data|comp4bits:compSsc|s~1                   ; |uartDebug|controlUart:controlUart0|lightControl:lightControl0|dataPath:data|comp4bits:compSsc|s~1                   ; out0             ;
; |uartDebug|controlUart:controlUart0|lightControl:lightControl0|dataPath:data|comp4bits:compSsc|s                     ; |uartDebug|controlUart:controlUart0|lightControl:lightControl0|dataPath:data|comp4bits:compSsc|s                     ; out0             ;
; |uartDebug|controlUart:controlUart0|lightControl:lightControl0|dataPath:data|comp4bits:compSsc|comp1bit:comp3|s~0    ; |uartDebug|controlUart:controlUart0|lightControl:lightControl0|dataPath:data|comp4bits:compSsc|comp1bit:comp3|s~0    ; out0             ;
; |uartDebug|controlUart:controlUart0|lightControl:lightControl0|dataPath:data|comp4bits:compSsc|comp1bit:comp2|s~0    ; |uartDebug|controlUart:controlUart0|lightControl:lightControl0|dataPath:data|comp4bits:compSsc|comp1bit:comp2|s~0    ; out0             ;
; |uartDebug|controlUart:controlUart0|lightControl:lightControl0|dataPath:data|comp4bits:compSsc|comp1bit:comp1|s~0    ; |uartDebug|controlUart:controlUart0|lightControl:lightControl0|dataPath:data|comp4bits:compSsc|comp1bit:comp1|s~0    ; out0             ;
; |uartDebug|controlUart:controlUart0|lightControl:lightControl0|dataPath:data|comp4bits:compMsc|s~0                   ; |uartDebug|controlUart:controlUart0|lightControl:lightControl0|dataPath:data|comp4bits:compMsc|s~0                   ; out0             ;
; |uartDebug|controlUart:controlUart0|lightControl:lightControl0|dataPath:data|comp4bits:compMsc|s~1                   ; |uartDebug|controlUart:controlUart0|lightControl:lightControl0|dataPath:data|comp4bits:compMsc|s~1                   ; out0             ;
; |uartDebug|controlUart:controlUart0|lightControl:lightControl0|dataPath:data|comp4bits:compMsc|s                     ; |uartDebug|controlUart:controlUart0|lightControl:lightControl0|dataPath:data|comp4bits:compMsc|s                     ; out0             ;
; |uartDebug|controlUart:controlUart0|lightControl:lightControl0|dataPath:data|comp4bits:compMsc|comp1bit:comp3|s~0    ; |uartDebug|controlUart:controlUart0|lightControl:lightControl0|dataPath:data|comp4bits:compMsc|comp1bit:comp3|s~0    ; out0             ;
; |uartDebug|controlUart:controlUart0|lightControl:lightControl0|dataPath:data|comp4bits:compMsc|comp1bit:comp2|s~0    ; |uartDebug|controlUart:controlUart0|lightControl:lightControl0|dataPath:data|comp4bits:compMsc|comp1bit:comp2|s~0    ; out0             ;
; |uartDebug|controlUart:controlUart0|lightControl:lightControl0|dataPath:data|comp4bits:compMsc|comp1bit:comp1|s~0    ; |uartDebug|controlUart:controlUart0|lightControl:lightControl0|dataPath:data|comp4bits:compMsc|comp1bit:comp1|s~0    ; out0             ;
; |uartDebug|controlUart:controlUart0|lightControl:lightControl0|dataPath:data|comp4bits:compMsc|comp1bit:comp0|s~0    ; |uartDebug|controlUart:controlUart0|lightControl:lightControl0|dataPath:data|comp4bits:compMsc|comp1bit:comp0|s~0    ; out0             ;
; |uartDebug|controlUart:controlUart0|lightControl:lightControl0|dataPath:data|compt4bits:compt|dsig[1]                ; |uartDebug|controlUart:controlUart0|lightControl:lightControl0|dataPath:data|compt4bits:compt|dsig[1]                ; out0             ;
; |uartDebug|controlUart:controlUart0|lightControl:lightControl0|dataPath:data|compt4bits:compt|dsig~0                 ; |uartDebug|controlUart:controlUart0|lightControl:lightControl0|dataPath:data|compt4bits:compt|dsig~0                 ; out0             ;
; |uartDebug|controlUart:controlUart0|lightControl:lightControl0|dataPath:data|compt4bits:compt|dsig[2]                ; |uartDebug|controlUart:controlUart0|lightControl:lightControl0|dataPath:data|compt4bits:compt|dsig[2]                ; out0             ;
; |uartDebug|controlUart:controlUart0|lightControl:lightControl0|dataPath:data|compt4bits:compt|dsig~1                 ; |uartDebug|controlUart:controlUart0|lightControl:lightControl0|dataPath:data|compt4bits:compt|dsig~1                 ; out0             ;
; |uartDebug|controlUart:controlUart0|lightControl:lightControl0|dataPath:data|compt4bits:compt|dsig~2                 ; |uartDebug|controlUart:controlUart0|lightControl:lightControl0|dataPath:data|compt4bits:compt|dsig~2                 ; out0             ;
; |uartDebug|controlUart:controlUart0|lightControl:lightControl0|dataPath:data|compt4bits:compt|dsig[3]                ; |uartDebug|controlUart:controlUart0|lightControl:lightControl0|dataPath:data|compt4bits:compt|dsig[3]                ; out0             ;
; |uartDebug|controlUart:controlUart0|lightControl:lightControl0|dataPath:data|compt4bits:compt|bascDReset:basc3|int_q ; |uartDebug|controlUart:controlUart0|lightControl:lightControl0|dataPath:data|compt4bits:compt|bascDReset:basc3|int_q ; regout           ;
; |uartDebug|controlUart:controlUart0|lightControl:lightControl0|dataPath:data|compt4bits:compt|bascDReset:basc2|int_q ; |uartDebug|controlUart:controlUart0|lightControl:lightControl0|dataPath:data|compt4bits:compt|bascDReset:basc2|int_q ; regout           ;
; |uartDebug|controlUart:controlUart0|lightControl:lightControl0|dataPath:data|compt4bits:compt|bascDReset:basc1|int_q ; |uartDebug|controlUart:controlUart0|lightControl:lightControl0|dataPath:data|compt4bits:compt|bascDReset:basc1|int_q ; regout           ;
; |uartDebug|controlUart:controlUart0|lightControl:lightControl0|dataPath:data|compt4bits:compt|bascDReset:basc0|int_q ; |uartDebug|controlUart:controlUart0|lightControl:lightControl0|dataPath:data|compt4bits:compt|bascDReset:basc0|int_q ; regout           ;
; |uartDebug|controlUart:controlUart0|lightControl:lightControl0|dataPath:data|resetCmp:reset|reset                    ; |uartDebug|controlUart:controlUart0|lightControl:lightControl0|dataPath:data|resetCmp:reset|reset                    ; regout           ;
; |uartDebug|controlUart:controlUart0|clk_div:clk_div1|countClkOut~0                                                   ; |uartDebug|controlUart:controlUart0|clk_div:clk_div1|countClkOut~0                                                   ; out              ;
; |uartDebug|controlUart:controlUart0|clk_div:clk_div1|clkOut                                                          ; |uartDebug|controlUart:controlUart0|clk_div:clk_div1|clkOut                                                          ; regout           ;
; |uartDebug|controlUart:controlUart0|clk_div:clk_div1|ClkOutSig                                                       ; |uartDebug|controlUart:controlUart0|clk_div:clk_div1|ClkOutSig                                                       ; regout           ;
; |uartDebug|controlUart:controlUart0|clk_div:clk_div1|countClkOut[3]                                                  ; |uartDebug|controlUart:controlUart0|clk_div:clk_div1|countClkOut[3]                                                  ; regout           ;
; |uartDebug|controlUart:controlUart0|clk_div:clk_div1|countClkOut[4]                                                  ; |uartDebug|controlUart:controlUart0|clk_div:clk_div1|countClkOut[4]                                                  ; regout           ;
; |uartDebug|controlUart:controlUart0|clk_div:clk_div0|countClkOut~0                                                   ; |uartDebug|controlUart:controlUart0|clk_div:clk_div0|countClkOut~0                                                   ; out              ;
; |uartDebug|controlUart:controlUart0|clk_div:clk_div0|countClkOut[4]                                                  ; |uartDebug|controlUart:controlUart0|clk_div:clk_div0|countClkOut[4]                                                  ; regout           ;
; |uartDebug|controlUart:controlUart0|clk_div:clk_div1|LessThan0~2                                                     ; |uartDebug|controlUart:controlUart0|clk_div:clk_div1|LessThan0~2                                                     ; out0             ;
; |uartDebug|controlUart:controlUart0|clk_div:clk_div1|Add0~4                                                          ; |uartDebug|controlUart:controlUart0|clk_div:clk_div1|Add0~4                                                          ; out0             ;
; |uartDebug|controlUart:controlUart0|clk_div:clk_div1|Add0~5                                                          ; |uartDebug|controlUart:controlUart0|clk_div:clk_div1|Add0~5                                                          ; out0             ;
; |uartDebug|controlUart:controlUart0|clk_div:clk_div1|Add0~6                                                          ; |uartDebug|controlUart:controlUart0|clk_div:clk_div1|Add0~6                                                          ; out0             ;
; |uartDebug|controlUart:controlUart0|clk_div:clk_div0|Add0~5                                                          ; |uartDebug|controlUart:controlUart0|clk_div:clk_div0|Add0~5                                                          ; out0             ;
; |uartDebug|controlUart:controlUart0|clk_div:clk_div0|Add0~6                                                          ; |uartDebug|controlUart:controlUart0|clk_div:clk_div0|Add0~6                                                          ; out0             ;
+----------------------------------------------------------------------------------------------------------------------+----------------------------------------------------------------------------------------------------------------------+------------------+


+---------------------+
; Simulator INI Usage ;
+--------+------------+
; Option ; Usage      ;
+--------+------------+


+--------------------+
; Simulator Messages ;
+--------------------+
Info: *******************************************************************
Info: Running Quartus II 64-Bit Simulator
    Info: Version 13.0.1 Build 232 06/12/2013 Service Pack 1 SJ Web Edition
    Info: Processing started: Thu Nov 30 14:13:16 2023
Info: Command: quartus_sim --simulation_results_format=VWF Project_CEG3555 -c Project_CEG3555_qsim
Info (324025): Using vector source file "Z:/Dgbeg102/Desktop/CEG3555/Project/Project_1/Waveform1.vwf"
Info (310003): Option to preserve fewer signal transitions to reduce memory requirements is enabled
    Info (310004): Simulation has been partitioned into sub-simulations according to the maximum transition count determined by the engine. Transitions from memory will be flushed out to disk at the end of each sub-simulation to reduce memory requirements.
Info (310002): Simulation partitioned into 1 sub-simulations
Info (328053): Simulation coverage is      49.15 %
Info (328052): Number of transitions in simulation is 5248
Info (324045): Vector file Project_CEG3555_qsim.sim.vwf is saved in VWF text format. You can compress it into CVWF format in order to reduce file size. For more details please refer to the Quartus II Help.
Info: Quartus II 64-Bit Simulator was successful. 0 errors, 0 warnings
    Info: Peak virtual memory: 340 megabytes
    Info: Processing ended: Thu Nov 30 14:13:17 2023
    Info: Elapsed time: 00:00:01
    Info: Total CPU time (on all processors): 00:00:01


